"realisateurID","realisateur"
"1","0"
"2","?tefan Uher"
"3","A. Amiralay"
"4","A. Gomis"
"5","A. Heyman"
"6","A. Toukhi"
"7","Aaron Norris"
"8","Ababacar Samb Makharam"
"9","Abai Karpykov"
"10","Abbas Kiarostami"
"11","Abdallah al-Moheisen"
"12","Abdelaziz Tolbi"
"13","Abdelkrim Bahloul"
"14","Abdelkrim Derkaoui, Driss Kettani"
"15","Abdellatif Ben Ammar"
"16","Abderrahmane Sissako"
"17","Abderrahmane Sissako, Issa Traore, Dani Kouyaté"
"18","Abel Ferrara"
"19","Abel Gance"
"20","Abou Seifs"
"21","Abraham Polonsky"
"22","Abram Room"
"23","Adama Drabo"
"24","Ademir Kenovic"
"25","Ado Arrietta"
"26","Adolf Winkelmann"
"27","Adolfo Aristarain"
"28","Adrian Lyne"
"29","Agassi Babaian"
"30","Agnès Merlet"
"31","Agnès Obadia"
"32","Agnès Varda"
"33","Agnieszka Holland"
"34","Ahmad Ramezanzadeh"
"35","Ahmed Badrakhan"
"36","Ahmed El Maânouni"
"37","Ahmed Etef"
"38","Ahmed Rachedi"
"39","Aki Kaurismäki"
"40","Akira Kurosawa"
"41","Al Christie"
"42","Al Razutis"
"43","Alain Bergala"
"44","Alain Bloch"
"45","Alain Cavalier"
"46","Alain Corneau"
"47","Alain d'Aix, Nathalie Bartou"
"48","Alain de Sedouy"
"49","Alain Ferrari"
"50","Alain Fleischer"
"51","Alain Jaubert"
"52","Alain Jessua"
"53","Alain Le Breton"
"54","Alain Philippon"
"55","Alain Pol"
"56","Alain Ratie"
"57","Alain Resnais"
"58","Alain Resnais, Robert Hessens"
"59","Alain Robak"
"60","Alain Robbe-Grillet"
"61","Alain Scheider, Samuel Beckett"
"62","Alain Tanner"
"63","Alain Vollerin"
"64","Alain-Marie Thomas"
"65","Alan Berliner"
"66","Alan Bridges"
"67","Alan Crosland"
"68","Alan J. Pakula"
"69","Alan Parker"
"70","Alan Rickman"
"71","Alan Rudolph"
"72","Alan Taylor"
"73","Albert Capellani"
"74","Albert Capellani, Andre Antoine"
"75","Albert Lamorisse"
"76","Albert Lewin"
"77","Albert Magnoli"
"78","Alberto Cavalcanti"
"79","Alberto Lattuada"
"80","Alberto Seixas Santos"
"81","Aldo Lado"
"82","Alejandro Jodorowsky"
"83","Aleksandar Petrovic"
"84","Aleksander Ford"
"85","Aleksandr Andriyevsky"
"86","Alessandro Blasetti"
"87","Alex Benno"
"88","Alex Cox"
"89","Álex de la Iglesia"
"90","Alex Joffé"
"91","Alexander Alexeieff"
"92","Alexander Alexeieff, Claire Parker"
"93","Alexander Esway"
"94","Alexander Kluge"
"95","Alexander Korda"
"96","Alexander Korda, Marcel Pagnol"
"97","Alexander Mackendrick"
"98","Alexander Sokurov"
"99","Alexandre Arcady"
"100","Alexandre Askoldov"
"101","Alexandre Astruc"
"102","Alexandre Dovjenko"
"103","Alexandre Granovski"
"104","Alexandre Medvedkine"
"105","Alexandre Ploutchko"
"106","Alexandre Promio"
"107","Alexandre Ptouchko"
"108","Alexandre Rekhviachvili"
"109","Alexandre Rockwell"
"110","Alexandre Tarta"
"111","Alexandre Valenti"
"112","Alexandre Volkoff"
"113","Alexandre Zarkhi"
"114","Alexandru Tatos"
"115","Alexei Guerman"
"116","Alexis Miansarow"
"117","Alf Goulding"
"118","Alf Sjoberg"
"119","Alfred Clark"
"120","Alfred E. Green"
"121","Alfred Hitchcock"
"122","Alfred Machin"
"123","Alfred Sandy"
"124","Alfred Werker"
"125","Alfredo Zacarias"
"126","Algimantas Puipa"
"127","Ali al-Ghazouli"
"128","Ali Badrakhan"
"129","Ali Khamraev"
"130","Ali Özgentürk"
"131","Aline Issermann"
"132","Alison MacLean"
"133","Alissair Lawrence"
"134","Allan Desroches"
"135","Allan Dwan"
"136","Allan Holzman"
"137","Allan Wisniewski"
"138","Allen Hughes, Albert Hughes"
"139","Allison Anders"
"140","Amando de Ossorio"
"141","Amir Karakulov"
"142","Amir Naderi"
"143","Amleto Palermi"
"144","Amos Gitaï"
"145","Amos Poe"
"146","Amy Heckerling"
"147","Anatole Litvak"
"148","Anders Wahlgren"
"149","Andras Kovacs"
"150","Andre Antoine"
"151","André Berthomieu"
"152","Andre Calmettes"
"153","André Cayatte"
"154","André Cayatte, Georges Lampin, Henri-Georges Clouzot, Jean Dréville"
"155","Andre Chotin"
"156","André De Toth"
"157","Andre Deed"
"158","André Delvaux"
"159","André Forcier"
"160","Andre Galitzine"
"161","Andre Gillet"
"162","André Hunebelle"
"163","Andre Melancon"
"164","Andre Michel"
"165","Andre Roubaud"
"166","Andre S. Labarthe"
"167","Andre Sauvage"
"168","André Téchiné"
"169","Andre Tesseire"
"170","André Valardy"
"171","André Van In."
"172","André Zwoboda"
"173","Andrea Frezza"
"174","Andrea Marini"
"175","Andreas Dresen"
"176","Andreas Kleinert"
"177","Andreas M. Monory"
"178","Andreï Tarkovski"
"179","Andrew Bergman"
"180","Andrew Birkin"
"181","Andrew Davis"
"182","Andrew Marton"
"183","Andrew Marton, Guy Green, Nicholas Ray"
"184","Andrew Solt"
"185","Andrew Solt, Malcolm Leo"
"186","Andrew Young, Susan Todd, Robert M. Young"
"187","Andrey Konchalovskiy"
"188","Andrzej Munk"
"189","Andrzej Rozycki"
"190","Andrzej Wajda"
"191","Andrzej Zulawski"
"192","Andy Warhol"
"193","Andy Warhol, Paul Morrissey"
"194","Ange Leccia"
"195","Angela Ricci Lucchi, Yervant Gianikian"
"196","Angelin Preljocaj"
"197","Angelo Pasquini"
"198","Anita Assal, John Hudson"
"199","Anita Killi"
"200","Ann Le Monnier"
"201","Ann Marchi"
"202","Anna Luif"
"203","Anne Goursaud"
"204","Anne Wheeler"
"205","Anne-Laure Meury"
"206","Anne-Marie Miéville"
"207","Annette Roic"
"208","Annick Lanoë"
"209","Annie Miller"
"210","Antanas Maciulevicius"
"211","Anthony Asquith"
"212","Anthony Mann"
"213","Anthony Mann, Laurence Harvey"
"214","Anthony Minghella"
"215","Antoine de Maximy"
"216","Antoine Lopez"
"217","Antoine Rodet"
"218","Antonietta Pizzorno, Luc Moullet"
"219","Antonio Carlos da Fontoura"
"220","Antonio Climati, Mario Morra"
"221","Antonio de Macedo"
"222","Antonio Margheriti"
"223","Antonio Mercero"
"224","Antonio Moreno"
"225","Antonio Reis, Margarida Cordeiro"
"226","Antonio Reis, Margarida Martins Cordeiro"
"227","Antti Peippo"
"228","Arata Isozaki, Takeo Iimura"
"229","Arch Oboler"
"230","Archie Mayo"
"231","Ariane Lacan"
"232","Ariel Zeitoun"
"233","Arkadi Sirenko"
"234","Armand Gatti"
"235","Armand Gatti, Stephane Gatti, Helene Chatelain"
"236","Armando Manni"
"237","Arna Selznick"
"238","Arnaldo Jabor"
"239","Arnaud Desplechin"
"240","Arnaud Sélignac"
"241","Arne Glimcher"
"242","Arne Skouen"
"243","Arne Skouen, Ulf Greber"
"244","Arne Sucksdorff"
"245","Arnold Barkus"
"246","Arnold Fanck, Georg Wilhelm Pabst"
"247","Artavazd Pelechian"
"248","Arthur Lamothe"
"249","Arthur Marks"
"250","Arthur Pelechian"
"251","Arthur Penn"
"252","Arthur Robinson"
"253","Arturo Ripstein"
"254","Arunas Matelis"
"255","Aruntas Zebriunas"
"256","Arvo Iho"
"257","Arvo Iho, Leida Laius"
"258","Asa Simma"
"259","Asdis Thoroddsen"
"260","Asma el-Bakri"
"261","Assi Dayan"
"262","At?f Y?lmaz"
"263","Atahualpa Lichy"
"264","Atef al-Tayeb"
"265","Atef Salem"
"266","Ateyyat al-Abnoudy"
"267","Atom Egoyan"
"268","Attila Janisch"
"269","Augusto Genina"
"270","Augusto Genina, Carmine Gallone"
"271","Augusts Sukuts"
"272","Axel Corti"
"273","Azzedine Meddour"
"274","Bae Chang-Ho"
"275","Bae Yong-Kyun"
"276","Bagrat Hovhannessian"
"277","Bahram Beyzai"
"278","Baiju Chandran"
"279","Bakhtiar Khudojnazarov"
"280","Balufu Bakupa-Kanyinda"
"281","Barbara Hammer"
"282","Barbara Kopple"
"283","Barbara Letellier"
"284","Barbara Loden"
"285","Barbara Sternberg"
"286","Barbet Schroeder"
"287","Barbra Streisand"
"288","Barnet Kellman"
"289","Barrie Nelson"
"290","Barry Levinson"
"291","Barry Sonnenfeld"
"292","Bartabas"
"293","Barthélémy Bompard"
"294","Baruch Dienar"
"295","Basil Dearden"
"296","Bassek Ba Kobhio"
"297","Baudoin Koenig"
"298","Baz Luhrmann"
"299","Beatrice Jalbert"
"300","Beatrice Plumet, Lucie Phan"
"301","Beatrice Plumet, Lucie Phon"
"302","Beatrice Pollet"
"303","Beatrice Soule"
"304","Beatrice Soule, Eric Millot"
"305","Beatriz Flores, Frédéric Fonteyne, Yvan Le Moine, Genevieve Mersch, Pierre-Paul Renders"
"306","Beeban Kidron"
"307","Bela Tarr"
"308","Ben Burtt"
"309","Ben Diogaye Beye"
"310","Ben Gazzara"
"311","Ben Sharpsteen, James Algar, Samuel Armstrong, Ford Beebe, Norman Ferguson"
"312","Benito Perojo"
"313","Benoit Feroumont"
"314","Benoît Jacquot"
"315","Benoit Lamy"
"316","Benoit Lamy, Ngangura Mweze"
"317","Benoît Mariage"
"318","Benoît Poelvoorde, Remy Belvaux, André Bonzel"
"319","Bernard Borderie"
"320","Bernard David-Cavaz"
"321","Bernard Dubois"
"322","Bernard Favre"
"323","Bernard Girard"
"324","Bernard Longpre, Andre Leduc"
"325","Bernard Mangiante"
"326","Bernard Palacios"
"327","Bernard Queysanne, Georges Perec"
"328","Bernard Sobel"
"329","Bernardo Bertolucci"
"330","Bernd Neuburger"
"331","Bernhard Sinkel"
"332","Berram W. Salzman"
"333","Bert I. Gordon"
"334","Bertrand Blier"
"335","Bertrand Charrier"
"336","Bertrand Stephant Andrews"
"337","Bertrand Tavernier"
"338","Bertrand Tavernier, Bernard T. Michel, Jean-Francois Hauduroy, Charles L. Bitsch, Claude Berri"
"339","Bertrand Tavernier, Patrick Rotman"
"340","Bertrand Tavernier, Robert Parrish"
"341","Bertrand van Effenterre"
"342","Bigas Luna"
"343","Bill Couturié"
"344","Bill Duke"
"345","Bill Forsyth"
"346","Bill Kroyer"
"347","Bille August"
"348","Billy Wilder"
"349","Birgit Hein, Wilhem Hein"
"350","Birgit, Wilhem Hein"
"351","Blaise Cendrars"
"352","Blake Edwards"
"353","Bo Widerberg"
"354","Bob Connolly, Robin Anderson"
"355","Bob Fosse"
"356","Bob Rafelson"
"357","Bob Spiers"
"358","Bolot Chamchiev"
"359","Borhane Alaouie"
"360","Boris Barnet"
"361","Boris Barnet, Konstantin Youdine"
"362","Boris Barnet, S. Mardanin"
"363","Boris Lehman"
"364","Bourlem Guerdjou"
"365","Bourobs Jacobson"
"366","Bradley Raymond, Tom Ellery"
"367","Brahim Fritah"
"368","Brahim Tsaki"
"369","Bretaigne Windust"
"370","Bretislav Pojar"
"371","Brett Leonard"
"372","Brett Leonord"
"373","Brett Simmons"
"374","Brian De Palma"
"375","Brian Gibson"
"376","Brian Henson"
"377","Brian Levant"
"378","Brian McKenzie"
"379","Brian Yuzna"
"380","Brigitte Roüan"
"381","Bronwen Hughes"
"382","Bruce Baillie"
"383","Bruce Beresford"
"384","Bruce Conner"
"385","Bruce Krebs"
"386","Bruce Lee"
"387","Bruce Malmuth"
"388","Bruno Barreto"
"389","Bruno Bénabar"
"390","Bruno Bianchi"
"391","Bruno Cassiers"
"392","Bruno de Almeida"
"393","Bruno Desraisses, Charles de Latour"
"394","Bruno Deville"
"395","Bruno Duval"
"396","Bruno Gantillon"
"397","Bruno Herbulot"
"398","Bruno Nuytten"
"399","Bruno Podalydès"
"400","Bruno Soldori"
"401","Bruno Sorrentino"
"402","Bruno-Victor Pujebet"
"403","Bryan Forbes"
"404","Bryan Forbes, Edouard Molinaro, Dino Risi, Gene Wilder"
"405","Bud Yorkin"
"406","Budd Boetticher"
"407","Buddy van Horn"
"408","Buichi Saito"
"409","Bunny Godillot"
"410","Burt Gillett, Walt Disney"
"411","Buster Keaton"
"412","Buster Keaton, Edward F. Cline"
"413","Buster Keaton, John G. Blystone"
"414","C. Hepworth"
"415","C. Horbaugt"
"416","Carl Boese"
"417","Carl Brown"
"418","Carl Franklin"
"419","Carl Grune"
"420","Carl Reiner"
"421","Carl Schultz"
"422","Carl Theodor Dreyer"
"423","Carlo Battistoni"
"424","Carlo Campogalliani"
"425","Carlo Cotti"
"426","Carlos Coelho da Silva"
"427","Carlos Diegues"
"428","Carlos Saura"
"429","Carlos Sola, Pol Isquilardo, Ramon Valles"
"430","Carlos Velo"
"431","Carmelo Bene"
"432","Carmen Toscano de Moreno"
"433","Carmine Gallone"
"434","Carol Reed"
"435","Caroline Leaf"
"436","Caroline Roboh"
"437","Caroline Vignal"
"438","Carsten Brandt"
"439","Catherine Addor"
"440","Catherine Berge"
"441","Catherine Binet"
"442","Catherine Breillat"
"443","Catherine Breton"
"444","Catherine Corsini"
"445","Catherine Montondo"
"446","Catherine Terzieff"
"447","Cecil B. DeMille"
"448","Cecile Deroudille"
"449","Cecile Maistre"
"450","Cédric Kahn"
"451","Cédric Klapisch"
"452","Celia Lowenstein"
"453","Cen Fan"
"454","Cesar Paes"
"455","Cesar Todd"
"456","Cesare Canevari"
"457","Chang Cheh"
"458","Chantal Akerman"
"459","Charles Atlas"
"460","Charles Avery"
"461","Charles Belmont, Marielle Issartel"
"462","Charles Chaplin"
"463","Charles Crichton"
"464","Charles Dekeukeleire"
"465","Charles Fasquelle"
"466","Charles Giblyn"
"467","Charles Lamont"
"468","Charles Laughton, Robert Mitchum"
"469","Charles Marquis Warren"
"470","Charles Martin Smith"
"471","Charles Matton"
"472","Charles Maudru"
"473","Charles R. Bowers"
"474","Charles Reisner"
"475","Charles Ross"
"476","Charles Simonds"
"477","Charles Vanel"
"478","Charles Vidor"
"479","Charles Walters"
"480","Charley Bowers"
"481","Charley Rogers"
"482","Charley Rogers, Hal Roach"
"483","Charlotte Brandström"
"484","Charlotte Dubreuil"
"485","Charlotte Silvera"
"486","Charlotte Zwerin"
"487","Chaval"
"488","Cheick Oumar Sissoko"
"489","Cheik Doukouré"
"490","Cheikh Djemai"
"491","Chen Kaige"
"492","Chen Kun-Hou"
"493","Chen Zhun"
"494","Choukhrat Abbassov"
"495","Choukhrat Makhmoudov, Razia Merguenbaeva"
"496","Chris Bernard"
"497","Chris Columbus"
"498","Chris Eyre"
"499","Chris Marker"
"500","Chris Marker, Francois Reichenbach"
"501","Chris Marker, Mario Marret"
"502","Chris Marker, Pierre Lhomme"
"503","Chris Newby"
"504","Christian Berger"
"505","Christian Boltanski"
"506","Christian de Chalonge"
"507","Christian Delage, Denis Peschanski, Henry Rousso"
"508","Christian Duguay"
"509","Christian Fechner"
"510","Christian Gion"
"511","Christian Lebrat"
"512","Christian Niby"
"513","Christian Plof, Marc Boyer"
"514","Christian Stengel"
"515","Christian Vincent"
"516","Christian-Jaque"
"517","Christian-Jaque, Sacha Guitry"
"518","Christie Comedy"
"519","Christina Bjork, Lena Anderson"
"520","Christina Craton, Tim Schwab"
"521","Christine Carrière"
"522","Christine Citti"
"523","Christine Douy"
"524","Christine Edzard"
"525","Christine Laurent"
"526","Christine Pascal"
"527","Christine Weber"
"528","Christo Christov"
"529","Christophe Blanc"
"530","Christophe de Ponfilly"
"531","Christophe Fraipont"
"532","Christophe Loizillon"
"533","Christophe Regin"
"534","Christophe Smith"
"535","Christophe Vassort"
"536","Christopher Crowe"
"537","Christopher Doyle (II)"
"538","Christopher Mac Laine"
"539","Christopher Morahan"
"540","Christopher Parsons"
"541","Christopher Rouley"
"542","Chuck Jones"
"543","Chuck Russell"
"544","Chuck Workman"
"545","Cirio Santiago"
"546","Ciro Cappellari"
"547","Claire Clouzot"
"548","Claire Denis"
"549","Claire Devers"
"550","Claire Simon"
"551","Clara van Gool"
"552","Clare Peploe"
"553","Clarence Brown"
"554","Clarence Thomas Delgado"
"555","Claude Autant-Lara"
"556","Claude Autant-Lara, Maurice Lehmann"
"557","Claude Berri"
"558","Claude Cadiou"
"559","Claude Chabrol"
"560","Claude Chabrol, Sylvain Dhomme, Max Douy, Eugène Ionesco, Edouard Molinaro"
"561","Claude d'Anna"
"562","Claude Duty"
"563","Claude Faraldo"
"564","Claude Fleouter"
"565","Claude Fournier"
"566","Claude Gagnon"
"567","Claude Goretta"
"568","Claude Graton"
"569","Claude Heymann"
"570","Claude Jutra"
"571","Claude Lanzmann"
"572","Claude Lebrun"
"573","Claude Lelouch"
"574","Claude Loursais"
"575","Claude Luyet"
"576","Claude Makovski"
"577","Claude Miller"
"578","Claude Mouriéras"
"579","Claude Mulot"
"580","Claude Pinoteau"
"581","Claude Sautet"
"582","Claude Ventura"
"583","Claude, Clovis Prevost"
"584","Claudine Eizykman"
"585","Claudine Eizykman, Guy Fihman, Dominique Avron"
"586","Claudine Kaufmann"
"587","Claver Salizzato"
"588","Clemens Klopfenstein"
"589","Clemente Fracassi"
"590","Clifford Odets"
"591","Clint Eastwood"
"592","Clive Donner"
"593","Clovis Prevost"
"594","Clyde Bruckman"
"595","Co Hoedeman"
"596","Colette Portal"
"597","Colin Nears"
"598","Coline Serreau"
"599","Conrad Rooks"
"600","Corrado D'Errico"
"601","Costa-Gavras"
"602","Curtis Bernhardt"
"603","Curtis Hanson"
"604","Cynthia Beatt, Rudolf Thome"
"605","Cyril Collard"
"606","D. Bernard-Deschamps"
"607","D. Kirsanoff"
"608","D. Lamb, J. Perlman"
"609","D.A. Pennebaker"
"610","D.W. Griffith"
"611","Dady Davis-Boyer"
"612","Dai Sijie"
"613","Daisuke Itô"
"614","Daisy Lamothe"
"615","Dale Schott"
"616","Damiano Damiani"
"617","Damiano Damiani, Sergio Leone"
"618","Damien Rea"
"619","Dan Pita"
"620","Dana Rotberg"
"621","Dang Nhat Minh"
"622","Daniel Attias"
"623","Daniel Berger"
"624","Daniel Borenstein"
"625","Daniel Calparsoro"
"626","Daniel Ceccaldi"
"627","Daniel Cottard"
"628","Daniel Edinger, Francoise Prebois, Irene Richard"
"629","Daniel Hiquet"
"630","Daniel Mann"
"631","Daniel Percival"
"632","Daniel Schmid"
"633","Daniel Vigne"
"634","Daniel Wachsmann"
"635","Danièle Dubroux"
"636","Danièle Dubroux, Ali Akika, Guy Chapouille, Serge Le Péron, Jean Narboni"
"637","Daniele Incalcaterra"
"638","Daniele Luchetti"
"639","Daniele Nyst, Jacques-Louis Nyst"
"640","Danielle Jaeggi"
"641","Danilo Catti"
"642","Danis Tanovic"
"643","Danny DeVito"
"644","Dao Ba Son"
"645","Daoud Abdel Sayed"
"646","Daoud Aoulad Syad"
"647","Daphna Kastner"
"648","Darezhan Omirbayev"
"649","Darie Delaye, Laure Verluise"
"650","Darielle Tillon"
"651","Dario Argento"
"652","Dario Argento, George A. Romero"
"653","Darrell James Roodt"
"654","Daryl Duke"
"655","Dave Fleischer"
"656","Dave Fleischer, Bobby Max"
"657","David Ashkar"
"658","David Attwood"
"659","David Barrouk"
"660","David Butler"
"661","David Caffrey"
"662","David Cronenberg"
"663","David Ferre, Olivier Thery Lapiney"
"664","David Fincher"
"665","David Hand, James Algar, Samuel Armstrong, Graham Heid, Bill Roberts"
"666","David Haxton"
"667","David Hayman"
"668","David Hayman, Paul McGeechan"
"669","David Hemmings"
"670","David Hinton"
"671","David Keating"
"672","David Lean"
"673","David Leland"
"674","David Lynch"
"675","David Mamet"
"676","David Maysles, Albert Maysles, Susan Froemke"
"677","David Maysles, Charlotte Zwerin, Albert Maysles"
"678","David Miller"
"679","David Neves"
"680","David Nutter"
"681","David Rimmer"
"682","David Schmoeller"
"683","David Thomas"
"684","David Wharry"
"685","David Worth"
"686","David Zucker"
"687","Davide Ferrario"
"688","Declan Lowney"
"689","Deepa Mehta"
"690","Dell Henderson"
"691","Delmer Daves"
"692","Delphine Gleize"
"693","Delphine Seyrig"
"694","Delphine Seyrig, Carole Roussopoulos"
"695","Denis Bablet"
"696","Denis Gerault"
"697","Denis Gheerbrant"
"698","Dennis Dugan"
"699","Dennis Earl Moore"
"700","Dennis Hopper"
"701","Dennis O'Rourke"
"702","Denys Arcand"
"703","Denys de La Patellière"
"704","Derek Jarman"
"705","Desire Ecare"
"706","Deva Sugeeta"
"707","Dhimiter Anagnosti"
"708","Diane Keaton"
"709","Diane Kurys"
"710","Dianne Jackson"
"711","Dick Maas"
"712","Dick Richards"
"713","Didier Baussy"
"714","Didier Flamand"
"715","Didier Goldschmidt"
"716","Didier Grousset"
"717","Didier Haudepin"
"718","Didier Martiny"
"719","Diego Risquez"
"720","Dimiter Petkov"
"721","Dimitri Buchowetski"
"722","Dimitri Kirsanoff"
"723","Dimitri Stavrakas"
"724","Dino Risi"
"725","Djakhonguir Fatziev"
"726","Djamshed Usmonov, Min Biong-hun"
"727","Djibril Diop Mambety"
"728","Do Minh Tuan"
"729","Dominic Sena"
"730","Dominik Moll"
"731","Dominique Cabrera"
"732","Dominique Crevecoeur"
"733","Dominique Delouche"
"734","Dominique Deruddere"
"735","Dominique Dubosc"
"736","Dominique Martin-Ferrari"
"737","Dominique Marto"
"738","Dominique Païni"
"739","Dominique Tiberi"
"740","Dominique Willoughby"
"741","Don Bluth"
"742","Don Bluth, Gary Goldman"
"743","Don Chaffey"
"744","Don Siegel"
"745","Donald Crisp, Buster Keaton"
"746","Donald Shebib"
"747","Donna Levy"
"748","Dorota Kedzierzawska"
"749","Dorothy Arzner"
"750","Dorothy Arzner, Otto Brower, Edmund Goulding"
"751","Douglas Sirk"
"752","Drissa Toure"
"753","Dusan Hanak"
"754","Dusan Makavejev"
"755","Dwight H. Little"
"756","Dziga Vertov"
"757","E. Genval"
"758","E. Vanz de Godoy"
"759","E.B. Donatien"
"760","Eames Yates"
"761","Eberhard Fechner"
"762","Eberhard Itzenplitz"
"763","Ebrahim Forouzesh"
"764","Ed Emshwiller"
"765","Ed Van der Elsken"
"766","Ed Wood"
"767","Edgar G. Ulmer"
"768","Edgar L. Kennedy"
"769","Edgardo Cozarinsky"
"770","Edmond Bernhard"
"771","Edmond de Levy"
"772","Edmond Séchan"
"773","Edmond T. Greville"
"774","Edmund Goulding"
"775","Edna Politi"
"776","Edouard Chimot"
"777","Edouard Luntz"
"778","Edouard Molinaro"
"779","Edouard Niermans"
"780","Edouard-Emile Violet"
"781","Eduardo Bencivenga"
"782","Eduardo Campoy"
"783","Eduardo Coutinho"
"784","Eduardo de Gregorio"
"785","Edward Buzzell"
"786","Edward Dmytryk"
"787","Edward F. Cline"
"788","Edward F. Cline, Buster Keaton"
"789","Edward L. Bernds"
"790","Edward Sedgwick"
"791","Edward Sutherland"
"792","Edward Yang"
"793","Edward Zwick"
"794","Edwin Baily"
"795","Edwin S. Porter"
"796","Egidio Eronico"
"797","Eila Hershon, Roberto Guerra"
"798","Elaine Proctor"
"799","Eldar Chenguelaia"
"800","Eldar Einarson"
"801","Eldar Riazanov"
"802","Elem Klimov"
"803","Eleonore Faucher"
"804","Elia Kazan"
"805","Eliane de Latour"
"806","Eliane Failevic, Cictore Failevic, Maurice Failevic"
"807","Élie Chouraqui"
"808","Elier Ichmoukhamedov"
"809","Elio Petri"
"810","Elisabeth Barriere"
"811","Eliseo Subiela"
"812","Elliot Caplan"
"813","Elliot Silverstein"
"814","Elmer Clifton"
"815","Emil Weiss"
"816","Emile Cohl"
"817","Emile Cohl, Forton"
"818","Emile Lotianou"
"819","Emile Reynaud"
"820","Emilie Deleuze"
"821","Emilio Fernandez"
"822","Emir Kusturica"
"823","Emmanuel Finkiel"
"824","Emmanuel Mouret"
"825","Emmanuel Parraud"
"826","Emmanuel Paulin"
"827","Emmanuelle Cuau"
"828","Emmett J. Flyn"
"829","Enki Bilal"
"830","Enrico Guazzoni"
"831","Enrique Rosas, Joaquin Coss, Juan Canals de Homes"
"832","Enzo G. Castellari"
"833","Ephraim Kishon"
"834","Erhard Riedlsperger"
"835","Eric Borg"
"836","Eric de Kuyper, Paul Verstraten"
"837","Eric Godoy"
"838","Eric Guirado"
"839","Eric Karson"
"840","Eric Mendelsohn"
"841","Eric Mitchell"
"842","Eric Pauwels"
"843","Eric Rochant"
"844","Eric Rohmer"
"845","Eric Veniard"
"846","Eric Wetson"
"847","Eric Woreth"
"848","Erica Glynn, Marc Olive, Michelle Jones"
"849","Erich Von Stroheim"
"850","Erich Von Stroheim, Rupert Julian"
"851","Erick Zonca"
"852","Erik Blomberg"
"853","Erik Charell"
"854","Erik Clausen"
"855","Erik Gustavson"
"856","Ermanno Olmi"
"857","Ernest Ansorge"
"858","Ernest B. Schoedsack"
"859","Ernest B. Schoedsack, Merian C. Cooper"
"860","Ernest Neubach"
"861","Ernst Lubitsch"
"862","Ernst Lubitsch, Norman Taurog, Stephen Roberts"
"863","Ernst Moerman"
"864","Errol Morris"
"865","Erwin Piscator"
"866","Esfir Shub"
"867","Estevão Ciavatta"
"868","Etienne Arnaud"
"869","Etienne Aussel"
"870","Étienne Chatiliez"
"871","Etienne Faure"
"872","Etienne Nadoux"
"873","Ettore Scola"
"874","Ettore Scola, Mario Monicelli, Dino Risi"
"875","Eugene Deslaw"
"876","Euzhan Palcy"
"877","Eva Darlan"
"878","Evald Schorm"
"879","Evelyn Lambart"
"880","Evelyne Dress"
"881","Evelyne Renard, Jacques Renard"
"882","Evgueni Lounguine"
"883","Ewa Borzecka"
"884","Eyal Sivan"
"885","F. Richard Jones, James Young"
"886","Fabien Hermand-Grisel"
"887","Fabien Onteniente"
"888","Fabienne Rousso-Lenoir"
"889","Fabio Carpi"
"890","Fabrice Rende"
"891","Farida Belyazid"
"892","Federico Fellini"
"893","Federico Fellini, Luchino Visconti, Mario Monicelli, Vittorio De Sica"
"894","Federico Garcia"
"895","Fedor Ozep"
"896","Fehmi Ya?ar"
"897","Fejria Deliba"
"898","Felipe Vega"
"899","Felix Feist J."
"900","Felix Gandera"
"901","Ferenc Andras"
"902","Ferenc Kosa"
"903","Férid Boughedir"
"904","Fernand Deligny, Josée Manenti"
"905","Fernand Rivers"
"906","Fernando Arrabal"
"907","Fernando de Fuentes"
"908","Fernando E. Solanas"
"909","Fernando E. Solanas, Santiago Alvarez"
"910","Fernando Lopes"
"911","Fernando Méndez"
"912","Fernando Trueba"
"913","Fernotchio"
"914","Fitouri Belhiba"
"915","Florence Miaihle"
"916","Florence Vignon"
"917","Fons Rademakers"
"918","Ford Beebe"
"919","Fouaed al-Touhami"
"920","Franc Roddam"
"921","Francesca Archibugi"
"922","Francesca Comencini"
"923","Francesco Calogero"
"924","Francesco Pascinetti"
"925","Francesco Rosi"
"926","Francis de Gueltzl"
"927","Francis Dujardin, Andre d'Artevelle"
"928","Francis Ford Coppola"
"929","Francis Girod"
"930","Francis Leroi"
"931","Francis Porret"
"932","Francis Reusser"
"933","Francis Thompson"
"934","Francis Veber"
"935","Francis Warin"
"936","Francisco Cesar Filho"
"937","Francisco J. Lombardi"
"938","Francisco Norden"
"939","Francisco Regueiro"
"940","Francisco Rovira Beleta"
"941","Franco Brogi Taviani"
"942","Franco Brusati"
"943","Franco de Pena"
"944","Franco Zeffirelli"
"945","Francois Bouvier, Jean Beaudry"
"946","François Caillat"
"947","Francois Campaux"
"948","Francois Chardeaux"
"949","Francois Chatel"
"950","Francois Cuel"
"951","François Dupeyron"
"952","François Girard"
"953","Francois Koltes"
"954","Francois Labonte"
"955","François Leterrier"
"956","François Margolin"
"957","Francois Mazeline"
"958","Francois Migeat"
"959","Francois Millier"
"960","François Ozon"
"961","Francois Reichenbach"
"962","François Truffaut"
"963","François Villiers"
"964","François Villiers, Germaine Krull"
"965","Francois Weyergans"
"966","Francois-Jacques Ossang"
"967","Francois-Renaud Labarthe"
"968","Françoise Decaux-Thomelet"
"969","Frank Borzage"
"970","Frank Borzage, Sidney Franklin"
"971","Frank Capra"
"972","Frank Cassenti"
"973","Frank Coraci"
"974","Frank Diamand"
"975","Frank Henenlotter"
"976","Frank Lloyd"
"977","Frank Montgomery"
"978","Frank Oz"
"979","Frank Tashlin"
"980","Frank Tuttle"
"981","Franklin J. Schaffner"
"982","Fred Dekker"
"983","Fred F. Sears"
"984","Fred Guiol"
"985","Fred M. Wilcox"
"986","Fred Niblo"
"987","Fred Schepisi"
"988","Fred Tan"
"989","Fred Zinnemann"
"990","Freddie Francis"
"991","Frederic Back"
"992","Frederic Charpentier"
"993","Frederic Compain"
"994","Frederic Dumont"
"995","Frédéric Fougea"
"996","Frédéric Laffont"
"997","Frédéric Mermoud"
"998","Frédéric Mitterrand"
"999","Frederic Presles"
"1000","Frédéric Rossif"
"1001","Frédéric Rossif, Guy Blanc"
"1002","Frédéric Rossif, Jean-Charles Cuttoli"
"1003","Frédéric Saurel"
"1004","Frédéric Sojcher"
"1005","Frederic Wojtyczka"
"1006","Frederick Wiseman"
"1007","Frederico Confalonieri"
"1008","Frederico Vitali"
"1009","Frederik Wilson"
"1010","Frederique Duran"
"1011","Fridrik Thor Fridriksson"
"1012","Fridrikh Ermler"
"1013","Friedrich Wilhelm Murnau"
"1014","Friedrich Wilhelm Murnau, William Fox (II)"
"1015","Frigyes Ban"
"1016","Fritz Freleng"
"1017","Fritz Lang"
"1018","Frounze Dovlatian"
"1019","Furuzan Kara, Gulsijn Kara Mustafa"
"1020","G. Lockwood"
"1021","G.-6E. Monod-Herzen"
"1022","G.-J. Teunissen"
"1023","Gabriel Axel"
"1024","Gabriele d'Annunzio"
"1025","Gabriele Salvatores"
"1026","Gaby Schaedler"
"1027","Galles, Paul Turner"
"1028","Garry Marshall"
"1029","Garson Kanin"
"1030","Gary A. Sherman"
"1031","Gary Fleder"
"1032","Gary Garabedian"
"1033","Gary Hill"
"1034","Gary Sinise"
"1035","Gary Trousdale, Kirk Wise"
"1036","Gaspar Noé"
"1037","Gaston Kaboré"
"1038","Gaston Ravel"
"1039","Gaston Rebuffat"
"1040","Gaston Roudes"
"1041","Gavin Millar"
"1042","Gela Kandelaki"
"1043","Gene Kelly"
"1044","Gene Wilder"
"1045","Genevieve Lefebvre"
"1046","Geo Charlys"
"1047","Geoff Dunbar"
"1048","Geoff Murphy"
"1049","Georg Wilhelm Pabst"
"1050","George A. Romero"
"1051","George B. Seitz"
"1052","George Cukor"
"1053","George Cukor, Charles Vidor"
"1054","George Dunning"
"1055","George Fitzmaurice"
"1056","George Kuchar"
"1057","George Landow"
"1058","George Lucas"
"1059","George Marshall"
"1060","George Mihalka"
"1061","George Miller"
"1062","George Miller (II)"
"1063","George Nichols"
"1064","George Ogilvie, George Miller"
"1065","George Pan Cosmatos"
"1066","George Pavlou"
"1067","George Roy Hill"
"1068","George Scribner"
"1069","George Seaton"
"1070","George Sheman"
"1071","George Sidney"
"1072","George Stevens"
"1073","George Ungar"
"1074","George Waggner"
"1075","George Whaley"
"1076","Georges Caloyannis"
"1077","Georges Franju"
"1078","Georges Lacombe"
"1079","Georges Lampin"
"1080","Georges Lautner"
"1081","Georges Méliès"
"1082","Georges Nasser"
"1083","Georges Perec"
"1084","Georges Rey"
"1085","Georges Rony"
"1086","Georges Rouquier"
"1087","Georges Schwizgebel"
"1088","Georges Shaller, Kay Shaller"
"1089","Georges Sheehy"
"1090","Georges Spicas"
"1091","Georges Wilson"
"1092","Georgij Danelija"
"1093","Gérald Calderon"
"1094","Gerald Potterton"
"1095","Gérard Blain"
"1096","Gerard Chouchan"
"1097","Gérard Corbiau"
"1098","Gerard Courant"
"1099","Gerard Damiano"
"1100","Gérard Depardieu"
"1101","Gérard Depardieu, Frédéric Auburtin"
"1102","Gerard Fromanger"
"1103","Gérard Frot-Coutaz"
"1104","Gérard Jourd'hui"
"1105","Gérard Jugnot"
"1106","Gerard Jumel"
"1107","Gerard Kargl"
"1108","Gérard Krawczyk"
"1109","Gerard Lafont"
"1110","Gérard Mordillat"
"1111","Gérard Mordillat, Jérôme Prieur"
"1112","Gérard Oury"
"1113","Gerard Patris"
"1114","Gérard Philipe, Joris Ivens"
"1115","Gérard Pirès"
"1116","Gerard Poitou"
"1117","Gerard Raynal"
"1118","Gerard Titus-Carmel"
"1119","Gérard Vergez"
"1120","Gérard Vienne"
"1121","Gérard Vienne, François Bel, Michel Fano, Jacqueline Lecompte"
"1122","Gérard Zingg"
"1123","Gerardo Chijona"
"1124","Gerd Haag"
"1125","Germaine Dulac"
"1126","Gerolamo Lo Savio"
"1127","Geza von Radvanyi"
"1128","Ghislain Cloquet, Alain Resnais, Chris Marker"
"1129","Giacomo Gentilomo"
"1130","Gian Carlo Menotti"
"1131","Giancarlo Soldi"
"1132","Gianfranco Cabiddu"
"1133","Gianni Amelio"
"1134","Gianni Franciolini, Roberto Rossellini, Alfredo Guarini, Luchino Visconti, Luigi Zampa"
"1135","Gilbert Bovary"
"1136","Gilberto Martinez Solares"
"1137","Gilles Bourdos"
"1138","Gilles Carle"
"1139","Gilles Cousin"
"1140","Gilles Grangier"
"1141","Gilles Groulx, Michel Brault"
"1142","Gilles Margaritis"
"1143","Gillian Armstrong"
"1144","Ginette Lavigne"
"1145","Giorgio Ferroni"
"1146","Giorgio Simonelli"
"1147","Giovanni Enrico Vitali"
"1148","Giovanni Pastrone"
"1149","Gisele Braunberger"
"1150","Gisele Cavali"
"1151","Gisele, Ernest Ansorge"
"1152","Giuliano Montaldo"
"1153","Giuseppe Bertolucci"
"1154","Giuseppe de Santis"
"1155","Giuseppe de Santis, Mario Serandrei, Marcello Pagliero, Luchino Visconti"
"1156","Giuseppe Patroni-Griffi"
"1157","Giuseppe Tornatore"
"1158","Gjon Mili"
"1159","Glauber Rocha"
"1160","Gleb Panfilov"
"1161","Glenn Chaika"
"1162","Gô Rijû"
"1163","Godfrey Reggio"
"1164","Goffredo Alessandrini, Francesco Rosi"
"1165","Goran Paskaljevic"
"1166","Goran Rebic"
"1167","Gordon Douglas"
"1168","Gordon Hessler"
"1169","Gordon Parks"
"1170","Gordon Parks Junior"
"1171","Gracia Querejeta"
"1172","Graeme Ferguson"
"1173","Graeme Ross"
"1174","Graham Baker"
"1175","Greg McGillivray"
"1176","Gregoire Delacourt"
"1177","Gregory La Cava"
"1178","Gregory Nava"
"1179","Greti Klay, Jürgen Brauer"
"1180","Griffin Dunne"
"1181","Grigori Aleksandrov"
"1182","Grigori Aleksandrov, Sergueï Mikhailovich Eisenstein"
"1183","Grigori Kozintsev"
"1184","Grigori Kozintsev, Leonid Trauberg"
"1185","Grigori Tchoukhrai"
"1186","Grigorii Rochal"
"1187","Groupe Dziga Vertov"
"1188","Groupe Dziga Vertov, Jean-Luc Godard, Anne-Marie Miéville, Jean-Pierre Gorin"
"1189","Gualtiero Jacopetti, Franco Prosperi"
"1190","Gudny Halldorsdottir"
"1191","Guegorguic Chenguelaia"
"1192","Guido Henderickx"
"1193","Guillaume Breaud"
"1194","Guillaume Canet"
"1195","Guillaume Deffontaines"
"1196","Guillaume Le Gouil"
"1197","Guillaume Vincent"
"1198","Guillermo Fernandez Jurado, Rodolfo Corral"
"1199","Guionne Leroy"
"1200","Guiorgui Khaindrava"
"1201","Gunvor Nelson"
"1202","Gurinder Chadha"
"1203","Guru Dutt"
"1204","Gus Van Sant"
"1205","Gustaf Gründgens"
"1206","Gustav Machaty"
"1207","Gustavo Dahl"
"1208","Gustavo Mosquera R."
"1209","Guy Fihman"
"1210","Guy Gilles"
"1211","Guy Hamilton"
"1212","Guy Jacques"
"1213","Guy Lefevre"
"1214","Guy Lefranc"
"1215","Guy Maddin"
"1216","Guy Marignane"
"1217","Guy Olivier"
"1218","Guy Pinon"
"1219","Guy Seligmann"
"1220","Guy-Philippe Bertin"
"1221","Gyorgy Dobray, Peter Horvath"
"1222","Gyorgy Molnar"
"1223","Gyorgy Syomjas"
"1224","Gyorgy Szomjas"
"1225","H. Bruce Humberstone"
"1226","H. Pirmez"
"1227","H.P. Carver"
"1228","Hachim al-Nahhas"
"1229","Hal Ashby"
"1230","Hal Hartley"
"1231","Hal Kanter"
"1232","Hal Needham"
"1233","Hal Roach"
"1234","Hamilton Luske, Clyde Geronimi, Wilfred Jackson"
"1235","Hani Lachine"
"1236","Hanna Elias"
"1237","Hans Richter"
"1238","Hans Schwartz"
"1239","Hans Trommer, Valerian Schmidely"
"1240","Hans-Dieter Hartl"
"1241","Hans-Jurgen Syberberg"
"1242","Harley Cokeliss"
"1243","Harold Ramis"
"1244","Harold Schuster"
"1245","Harry Bromley Davenport"
"1246","Harry Edwards"
"1247","Harry Fischbach"
"1248","Harry Kumel"
"1249","Harry Lachman"
"1250","Harry O. Hoyt"
"1251","Harry Smith"
"1252","Haruki Kadokawa"
"1253","Hassan Eddine Mostafa"
"1254","Hassan El-Imam"
"1255","Hassan Imam"
"1256","Haydee Caillot"
"1257","Hector Babenco"
"1258","Heddy Honigmann"
"1259","Heikki Partanen"
"1260","Heinosuke Gosho"
"1261","Heinz-Peter Schwerfel"
"1262","Helen Levitt, Janice Loeb, James Agee"
"1263","Helena Slavikova Rabarova"
"1264","Hélène Angel"
"1265","Helle Ryslinge"
"1266","Helma Sanders-Brahms"
"1267","Helmut Dziuba"
"1268","Helmut Herbst"
"1269","Helmut Nitzschke"
"1270","Helvio Soto"
"1271","Henk Kleinman"
"1272","Henri Aisner"
"1273","Henri Alekan"
"1274","Henri Andreani"
"1275","Henri Andreani, Ferdinand Zecca"
"1276","Henri Brughiere"
"1277","Henri Calef"
"1278","Henri Cartier-Bresson"
"1279","Henri d'Arche, Henri d'Ursel, Georges Hugnet"
"1280","Henri de Turenne, Jean-Noel Delamarre"
"1281","Henri Decoin"
"1282","Henri Decoin, Bernard-Roland"
"1283","Henri Decoin, Jean Gehret"
"1284","Henri Desfontaines"
"1285","Henri Diamant-Berger"
"1286","Henri Duparc"
"1287","Henri Etievant, M. Nalpas"
"1288","Henri Fescourt"
"1289","Henri Herré"
"1290","Henri Jouf"
"1291","Henri Lepage, Pierre Mere"
"1292","Henri Storck"
"1293","Henri Storck, Paul Haesaerts"
"1294","Henri Verneuil"
"1295","Henri Xhonneux"
"1296","Henri-Georges Clouzot"
"1297","Henrik Malian"
"1298","Henry Barakat"
"1299","Henry Brandt, Heinz Sielmann"
"1300","Henry C. Potter"
"1301","Henry Cohen"
"1302","Henry Hathaway"
"1303","Henry Jaglom"
"1304","Henry King"
"1305","Henry Koster"
"1306","Henry Levin"
"1307","Henry Neill"
"1308","Henry Safran"
"1309","Henry Vorins"
"1310","Herbert B. Fredersdorf, M. Goldstein"
"1311","Herbert Brenon"
"1312","Herbert J. Biberman"
"1313","Herbert Ross"
"1314","Hervé Guibert"
"1315","Hervé Hadmar"
"1316","Herve Lachize"
"1317","Herve Le Roux"
"1318","Herz Frank"
"1319","Hideo Gosha"
"1320","Hiroshi Ikeda"
"1321","Hiroshi Inagaki"
"1322","Hiroshi Teshigahara"
"1323","Hollis Frampton"
"1324","Howard Hawks"
"1325","Howard Hawks, Jack Conway"
"1326","Howard T. Ziehm"
"1327","Howard Zieff"
"1328","Hristian Notchev, Ilian Simeonov"
"1329","Hsiao-Hsien Hou"
"1330","Hubert Toint"
"1331","Hugh Hudson"
"1332","Hugo Claus"
"1333","Hugo Grimaldi"
"1334","Hugo Santiago"
"1335","Humberto Solas"
"1336","Hussein Kamal"
"1337","Hy Hirsch"
"1338","Hy Hirsh"
"1339","Hyon mok Yu"
"1340","I. Gourvitch"
"1341","I. Nichev"
"1342","I. Tisse"
"1343","Ian McNaughton, Terry Gilliam"
"1344","Ian Pringle"
"1345","Ian Toynton"
"1346","Icíar Bollaín"
"1347","Idrissa Ouedraogo"
"1348","Idrissa Ouedraogo, Issiaka Konate, Moustapha Dao"
"1349","Igor Barrere"
"1350","Igor Bauersima"
"1351","Igor Minaiev"
"1352","Igor Talankine"
"1353","Ildiko Enyedi"
"1354","Imanol Uribe"
"1355","Imre Feher"
"1356","Imre Gyöngyössy, Barna Kabay"
"1357","Ince"
"1358","Ingmar Bergman"
"1359","Iosif Kheifits"
"1360","Irakli Kvirikadze"
"1361","Irena Pavlakova"
"1362","Irene Jouannet"
"1363","Irvin Kershner"
"1364","Irving Rapper"
"1365","Irving Reis"
"1366","Isaac Julien"
"1367","Isabel Coixet"
"1368","Isabelle Martin"
"1369","Isabelle Quignaux"
"1370","Isabelle Roumeguere"
"1371","Isabelle Saint-Pierre"
"1372","Ishirô Honda"
"1373","Ishu Patel"
"1374","Isidore Isou"
"1375","Issam Hechmat"
"1376","Issei Mori"
"1377","Issiaka Konate"
"1378","Istvan Gaal"
"1379","Istvan Igaal"
"1380","Istvan Szabo"
"1381","Ivan Mosjoukine"
"1382","Ivan Nitchev"
"1383","Ivan Pyriev"
"1384","Ivan Reitman"
"1385","Ivan Vano"
"1386","Ivars Seleckis"
"1387","Izza Genini"
"1388","Izza Guenini"
"1389","J. Chamoun, Mai Masri"
"1390","J. Leherissey"
"1391","J. Searle Dawley"
"1392","J.M. Paolantonio"
"1393","Jack Arnold"
"1394","Jack Clayton"
"1395","Jack Hazan"
"1396","Jack Hazan, David Mingay"
"1397","Jack Lieb"
"1398","Jack Nicholson"
"1399","Jack Smith"
"1400","Jackie Chan, Frankie Chan"
"1401","Jackie Chan, Kenneth Tsang"
"1402","Jackie Raynal"
"1403","Jaco van Dormael"
"1404","Jacque Marcotte, André Forcier"
"1405","Jacqueline Audry"
"1406","Jacqueline Veuve"
"1407","Jacques B. Brunius, Henri Cartier-Bresson, Pierre Unik, Maurice Lime, Jean Renoir"
"1408","Jacques Baratier"
"1409","Jacques Baratier, Jean Valere"
"1410","Jacques Becker"
"1411","Jacques Boumendil"
"1412","Jacques Bral"
"1413","Jacques Brissot"
"1414","Jacques Brunius, Jean Tarride"
"1415","Jacques Champreux"
"1416","Jacques Daniel-Norman"
"1417","Jacques Daroy"
"1418","Jacques Davila"
"1419","Jacques de Baroncelli"
"1420","Jacques de Baroncelli, Richard Eichberg"
"1421","Jacques Demy"
"1422","Jacques Demy, Agnès Varda"
"1423","Jacques Deray"
"1424","Jacques Doazan"
"1425","Jacques Doillon"
"1426","Jacques Doillon, Alain Resnais, Jean Rouch"
"1427","Jacques Doniol-Valcroze"
"1428","Jacques Dupont"
"1429","Jacques Falck"
"1430","Jacques Fansten"
"1431","Jacques Feyder"
"1432","Jacques Garcia"
"1433","Jacques Godbout"
"1434","Jacques Kebadian"
"1435","Jacques Kebadian, Mireille Bardakjian, Isabelle Ouzounian"
"1436","Jacques Kebadian, Serge Avédikian"
"1437","Jacques Krier"
"1438","Jacques Lemoigne"
"1439","Jacques Malaterre, Fabienne Pascaud"
"1440","Jacques Manuel"
"1441","Jacques Mitsch"
"1442","Jacques Monnet"
"1443","Jacques Monory"
"1444","Jacques Nolot"
"1445","Jacques Oger"
"1446","Jacques Oppenheim, Sou Jacob"
"1447","Jacques Panijel"
"1448","Jacques Renard"
"1449","Jacques Richard (II)"
"1450","Jacques Rivette"
"1451","Jacques Rouffio"
"1452","Jacques Rozier"
"1453","Jacques Tati"
"1454","Jacques Tati, Jacques Berr"
"1455","Jacques Tourneur"
"1456","Jacques-Yves Cousteau"
"1457","Jacques-Yves Cousteau, Hedwige Bienvenu"
"1458","Jaime Chavarri"
"1459","Jaime Humberto Hermosillo"
"1460","Jakobois"
"1461","James A. Fitzpatrick"
"1462","James B. Harris"
"1463","James Bidgood"
"1464","James Blue"
"1465","James Bridges"
"1466","James Broughton"
"1467","James Broughton, Sidney Peterson"
"1468","James Cameron"
"1469","James Fargo"
"1470","James Foley"
"1471","James Hill"
"1472","James Ivory"
"1473","James L. Brooks"
"1474","James Sibley Watson, Melville Webber"
"1475","James Toback"
"1476","James W. Horne"
"1477","James Whale"
"1478","Jamie Uys"
"1479","Jan Bucquoy"
"1480","Jan Gissberg"
"1481","Jan Gissberg, Stig Lasseby"
"1482","Jan Jakub Kolski"
"1483","Jan Kadar, Elmar Klos"
"1484","Jan Kounen"
"1485","Jan Lenica"
"1486","Jan N?mec"
"1487","Jan Schmidt"
"1488","Jan Svankmajer"
"1489","Jan Swankmager"
"1490","Jane Campion"
"1491","Jannik Hastrup"
"1492","Janosz Zsasz"
"1493","Janusz Kijowski"
"1494","Jaque Catelain"
"1495","Jaromil Jires"
"1496","Jaroslav Pacovsky, Jiri Sebanek"
"1497","Jaroslava Havettova"
"1498","Jaroslava Havettova, Julius Hucko"
"1499","Jasmin Dizdar"
"1500","Jay Rosenblatt"
"1501","Jean Aurel"
"1502","Jean Barral"
"1503","Jean Beaudry"
"1504","Jean Benoit-Levy"
"1505","Jean Boyer"
"1506","Jean Cayrol, Claude Durand"
"1507","Jean Choux"
"1508","Jean Cocteau"
"1509","Jean de Marguenat"
"1510","Jean Delannoy"
"1511","Jean Devaivre"
"1512","Jean Dréville"
"1513","Jean Dréville, Titus Vibe-Muller"
"1514","Jean Durand"
"1515","Jean Epstein"
"1516","Jean Eustache"
"1517","Jean Eustache, Jean-Michel Barjol"
"1518","Jean Evrard"
"1519","Jean Genet"
"1520","Jean Gourguet"
"1521","Jean Gremillon"
"1522","Jean Gremillon, Pierre Kast"
"1523","Jean Heches"
"1524","Jean Herman"
"1525","Jean Image"
"1526","Jean Lafleur"
"1527","Jean Leon"
"1528","Jean Lods"
"1529","Jean Loubignac"
"1530","Jean Marboeuf"
"1531","Jean Mascolo, Jérôme Beaujour"
"1532","Jean Mitry"
"1533","Jean Negulesco"
"1534","Jean Painleve"
"1535","Jean Painleve, Rene Bertrand"
"1536","Jean Real"
"1537","Jean Renoir"
"1538","Jean Rollin"
"1539","Jean Rouch"
"1540","Jean Rouch, Claude Jutra"
"1541","Jean Rouch, Germaine Dieterlen"
"1542","Jean Rouch, Gilbert Rouget"
"1543","Jean Rouch, Jacques d'Arthuys"
"1544","Jean Rouch, Jacques Godbout"
"1545","Jean Rouch, Sandro Franchina"
"1546","Jean Schmidt"
"1547","Jean Tedesco"
"1548","Jean Timmerman"
"1549","Jean Valere"
"1550","Jean Vigo"
"1551","Jean-Andre Fieschi"
"1552","Jean-Andre Fleschi, Noel Burch"
"1553","Jean-Andre Flieschi"
"1554","Jean-Baptiste Huber"
"1555","Jean-Baptiste Rossi"
"1556","Jean-Charles Tacchella"
"1557","Jean-Christophe Giovannelli"
"1558","Jean-Christophe Poulain"
"1559","Jean-Christophe Villard"
"1560","Jean-Claude Biette"
"1561","Jean-Claude Brialy"
"1562","Jean-Claude Brisseau"
"1563","Jean-Claude Broussard"
"1564","Jean-Claude Diserens"
"1565","Jean-Claude Gallotta"
"1566","Jean-Claude Guiguet"
"1567","Jean-Claude Janer"
"1568","Jean-Claude Jean"
"1569","Jean-Claude Labrecque"
"1570","Jean-Claude Lauzon"
"1571","Jean-Claude Le Saul"
"1572","Jean-Claude Lubtchansky"
"1573","Jean-Claude Luyat"
"1574","Jean-Claude Messiaen"
"1575","Jean-Claude Rousseau"
"1576","Jean-Claude Taki"
"1577","Jean-Daniel Pollet"
"1578","Jean-Daniel Simon"
"1579","Jean-Daniel Verhaeghe"
"1580","Jean-Dominique Lajoux, Michel Frizot"
"1581","Jean-François Adam"
"1582","Jean-Francois Amiguet"
"1583","Jean-Francois Beunet, Peter Friedman (II)"
"1584","Jean-François Davy"
"1585","Jean-Francois Gallotte, Joëlle Malberg"
"1586","Jean-François Laguionie"
"1587","Jean-François Stévenin"
"1588","Jean-Gabriel Albicocco"
"1589","Jean-Henri Meunier, Dom Pedro"
"1590","Jean-Henri Roger, Juliet Berto"
"1591","Jean-Jacques Annaud"
"1592","Jean-Jacques Beineix"
"1593","Jean-Jacques Flori"
"1594","Jean-Jacques Vierne"
"1595","Jean-Louis Bertuccelli"
"1596","Jean-Louis Bertuccelli, Nicolas Nabokov"
"1597","Jean-Louis Bouquet"
"1598","Jean-Louis Comolli"
"1599","Jean-Louis Lamande"
"1600","Jean-Louis Le Tacon"
"1601","Jean-Louis Van Belle"
"1602","Jean-Loup Berger"
"1603","Jean-Loup Chirol"
"1604","Jean-Loup Felicioli"
"1605","Jean-Loup Hubert"
"1606","Jean-Luc Godard"
"1607","Jean-Luc Godard, Anne-Marie Miéville"
"1608","Jean-Luc Godard, Jean Douchet, Eric Rohmer, Claude Chabrol, Jean-Daniel Pollet"
"1609","Jean-Luc Godard, Jean-Henri Roger"
"1610","Jean-Luc Godard, Jean-Henri Roger, Jean-Pierre Gorin, Groupe Dziga Vertov"
"1611","Jean-Luc Godard, Jean-Pierre Gorin"
"1612","Jean-Luc Godard, Joris Ivens, William Klein, Claude Lelouch, Chris Marker"
"1613","Jean-Luc Godard, Pier Paolo Pasolini, Roberto Rossellini, Ugo Gregoretti"
"1614","Jean-Luc Greco"
"1615","Jean-Luc Leon"
"1616","Jean-Luc Trotignon"
"1617","Jean-Manuel Costa"
"1618","Jean-Marie Cornille"
"1619","Jean-Marie Drot"
"1620","Jean-Marie Larrieu"
"1621","Jean-Marie Périer"
"1622","Jean-Marie Poiré"
"1623","Jean-Marie Straub"
"1624","Jean-Marie Straub, Danièle Huillet"
"1625","Jean-Marie Teno"
"1626","Jean-Michel Bouhours"
"1627","Jean-Michel Carré"
"1628","Jean-Michel Gautreau"
"1629","Jean-Michel Meurice"
"1630","Jean-Michel Meurice, Pierre Dumayet"
"1631","Jean-Michel Meurice, Simone Bitton"
"1632","Jean-Michel Roux"
"1633","Jean-Michel Vecchiet"
"1634","Jean-Noel Cristiani"
"1635","Jean-Noel Despert"
"1636","Jean-Noel Roy"
"1637","Jean-Patrick Lebel"
"1638","Jean-Paul Carrère"
"1639","Jean-Paul Civeyrac"
"1640","Jean-Paul Fargier"
"1641","Jean-Paul Goude"
"1642","Jean-Paul Husson, Jean-Francois Chiron avc P. Ra"
"1643","Jean-Paul Le Chanois"
"1644","Jean-Paul Paulin"
"1645","Jean-Paul Rappeneau"
"1646","Jean-Paul Roux"
"1647","Jean-Philippe Laroche"
"1648","Jean-Philippe Toussaint"
"1649","Jean-Philippe Toussaint, Torsten C. Fischer"
"1650","Jean-Pierre Améris"
"1651","Jean-Pierre Biazzotti"
"1652","Jean-Pierre Dardenne, Luc Dardenne"
"1653","Jean-Pierre Delattre"
"1654","Jean-Pierre Denis"
"1655","Jean-Pierre Dikongue-Pipa"
"1656","Jean-Pierre Gallo"
"1657","Jean-Pierre Gorin"
"1658","Jean-Pierre Gorin, Gérard Martin, Jean-Luc Godard, Groupe Dziga Vertov"
"1659","Jean-Pierre Jeunet"
"1660","Jean-Pierre Jeunet, Marc Caro"
"1661","Jean-Pierre Lefebvre"
"1662","Jean-Pierre Lenoir"
"1663","Jean-Pierre Lledo"
"1664","Jean-Pierre Melville"
"1665","Jean-Pierre Menard"
"1666","Jean-Pierre Mocky"
"1667","Jean-Pierre Olivier de Sardan"
"1668","Jean-Pierre Ponnelle"
"1669","Jean-Pierre Sentier"
"1670","Jean-Pierre Sinapi"
"1671","Jean-Pierre Thorn"
"1672","Jean-Yves Collet"
"1673","Jeanne Barbillon"
"1674","Jeanne Labrune"
"1675","Jeanne Mascolo de Filippis, Bruno Vienne"
"1676","Jeanne Moreau"
"1677","Jeff Musso"
"1678","Jeni Thomley"
"1679","Jennifer Fox"
"1680","Jeremiah S. Chechik"
"1681","Jérôme Boivin"
"1682","Jerome Bouyer"
"1683","Jerome de Missolz"
"1684","Jerome de Missolz, Evelyne Ragot"
"1685","Jerome de Missolz, Gilles Balbastre"
"1686","Jérôme Diamant-Berger"
"1687","Jerome Foulon"
"1688","Jerome Leuba"
"1689","Jerome Steinberg, Raphael Girard"
"1690","Jerome Tubiana"
"1691","Jerry Ciccoritti"
"1692","Jerry Lewis"
"1693","Jerry Schatzberg"
"1694","Jerry Zucker"
"1695","Jerzy Kawalerowicz"
"1696","Jerzy Skolimowski"
"1697","Jesús Franco"
"1698","Jillali Ferhati"
"1699","Jim Abrahams"
"1700","Jim Abrahams, David Zucker, Jerry Zucker"
"1701","Jim Henson"
"1702","Jim Jarmusch"
"1703","Jim McBride"
"1704","Jim Muro"
"1705","Jim Sharman"
"1706","Jim Sheridan"
"1707","Jimmy Wang Yu"
"1708","Jiri Menzel"
"1709","Jiri Svoboda"
"1710","Jiri Trnka"
"1711","Jo Milgram"
"1712","Joanna Priestey"
"1713","Joannick Desclercs"
"1714","João Botelho"
"1715","Joao César Monteiro"
"1716","João Mario Grilo"
"1717","Joao Sodre"
"1718","Joaquim Liedo"
"1719","Joaquim Pedro de Andrade"
"1720","Joaquim Pinto"
"1721","Joaquín Molina, Josefina Molina"
"1722","Jocelyn Moorhouse"
"1723","Jocelyne Saab"
"1724","Jocelyne Saab, Jorg Stocklin"
"1725","Jodie Foster"
"1726","Joe Berne"
"1727","Joe Comerford"
"1728","Joe D'Amato"
"1729","Joe Dante"
"1730","Joe Johnston"
"1731","Joel Coen"
"1732","Joel Coen, Ethan Coen"
"1733","Joël Farges"
"1734","Joël Santoni"
"1735","Joel Schumacher"
"1736","Joële van Effenterre"
"1737","Joelle Bouvier, Regis Obadia"
"1738","Johan van der Keuken"
"1739","John 'Bud' Cardos"
"1740","John Badham"
"1741","John Berry"
"1742","John Boorman"
"1743","John Boulting"
"1744","John Brahm"
"1745","John Byrne"
"1746","John Byrum"
"1747","John Carpenter"
"1748","John Cassavetes"
"1749","John Cromwell"
"1750","John Dahl"
"1751","John Farrow"
"1752","John Flynn"
"1753","John Ford"
"1754","John Frankenheimer"
"1755","John G. Avildsen"
"1756","John G. Blystone"
"1757","John Gilling"
"1758","John Glen"
"1759","John Guillermin"
"1760","John Guillermin, Charles McCracken"
"1761","John Holland (IV)"
"1762","John Honey"
"1763","John Hough"
"1764","John Hughes"
"1765","John Huston"
"1766","John Huston, Ken Hughes, Val Guest, Robert Parrish, Joseph McGrath"
"1767","John Irvin"
"1768","John Lafia"
"1769","John Landis"
"1770","John Landis, Joe Dante, Carl Gottlieb, Peter Horton, Robert K. Weiss"
"1771","John Lvoff"
"1772","John M. Stahl"
"1773","John McNaughton"
"1774","John McTiernan"
"1775","John Musker, Ron Clements"
"1776","John Polson"
"1777","John Pozer"
"1778","John Rich"
"1779","John Roberts"
"1780","John Sayles"
"1781","John Schlesinger"
"1782","John Singleton"
"1783","John Soh"
"1784","John Stuart Blackton"
"1785","John Sturges"
"1786","John Sughrue"
"1787","John Turturro"
"1788","John Waters"
"1789","John Welley"
"1790","John Woo"
"1791","Jolo-Cesar Monteiro"
"1792","Jon Amiel"
"1793","Jon Avnet"
"1794","Jon Carnoy"
"1795","Jon Long"
"1796","Jon Turteltaub"
"1797","Jonas Mekas"
"1798","Jonas Raeber"
"1799","Jonathan Demme"
"1800","Jonathan Frakes"
"1801","Jonathan Gift"
"1802","Jonathan Mostow"
"1803","Joop Geesink"
"1804","Jorg Gfrorer"
"1805","Jorge Furtado"
"1806","Jorge Sanjinés"
"1807","Jorge Silva Melo"
"1808","Joris Ivens"
"1809","Joris Ivens, Mannus Franken"
"1810","Joris Ivens, Marceline Loridan-Ivens"
"1811","Jos Stelling"
"1812","José Alvaro Morais"
"1813","José Antonio Garcia"
"1814","Jose Buil, Maryse Sistach"
"1815","José Giovanni"
"1816","José Luis Borau"
"1817","José María Martín Sarmiento"
"1818","José Miguel Ribeiro"
"1819","Jose Quintero"
"1820","José Roberto Torero"
"1821","Jose-Antonio Sistiaga"
"1822","Josef Von Baky"
"1823","Josef von Sternberg"
"1824","Joseph Bitamba"
"1825","Joseph Green"
"1826","Joseph H. Lewis"
"1827","Joseph L. Mankiewicz"
"1828","Joseph Losey"
"1829","Joseph M. Newman"
"1830","Joseph Morder"
"1831","Joseph Pevney"
"1832","Joseph Sargent"
"1833","Joseph Vilsmaier"
"1834","Joshua Logan"
"1835","Josiane Balasko"
"1836","Josiane Le Lieu"
"1837","Jouko Lampela"
"1838","Juan Antonio Bardem, Luis Garcia Berlanga"
"1839","Juan Carlos Tabio"
"1840","Juan Padrón"
"1841","Judit Elek"
"1842","Jules Dassin"
"1843","Julian Benedikt"
"1844","Julian Roffman"
"1845","Julie Lipinski"
"1846","Julien Duvivier"
"1847","Juliet Berto"
"1848","Juliet Berto, Jean-Henri Roger"
"1849","Júlio Bressane"
"1850","Julio Medem"
"1851","Julius Amede Laou"
"1852","Jullien Pappe"
"1853","Junji Sakamoto"
"1854","Junli Zheng"
"1855","Juraj Herz"
"1856","Juraj Jakubisko"
"1857","Jurgen Reble"
"1858","Juris Podnieks"
"1859","Just Jaeckin"
"1860","Jutta Brückner"
"1861","Juzo Itami"
"1862","K. Matuzeviciai, D. Matuzeviciai"
"1863","Kamal al-Cheikh"
"1864","Kamal Dehane"
"1865","Kamal El-Cheikh"
"1866","Kamara Kamalova"
"1867","Kanerva Cederstrom"
"1868","Kanerva Cederstrom, Rikka Tanner"
"1869","Kaneto Shindô"
"1870","Karel Kachyna"
"1871","Karel Reisz"
"1872","Karel Zeman"
"1873","Karen Shakhnazarov"
"1874","Karim Dridi"
"1875","Karim Miske, Brigitte Delpech"
"1876","Karin Albou"
"1877","Karin Westerlund"
"1878","Karl Anton"
"1879","Karl-Heinz Martin"
"1880","Katerina Thomadaki, Maria Klonaris"
"1881","Kathryn Bigelow"
"1882","Katia Adler"
"1883","Katsuhiro Ôtomo"
"1884","Kay Pollak"
"1885","Kazimierz Kutz"
"1886","Kazuo Ikehiro"
"1887","Kees Van Langeraad"
"1888","Kei Kumai"
"1889","Keisuke Kinoshita"
"1890","Keith Samples"
"1891","Keith Sonnier"
"1892","Keiya Duchida"
"1893","Ken Annakin"
"1894","Ken G. Hall"
"1895","Ken Hughes"
"1896","Ken Jacobs"
"1897","Ken Loach"
"1898","Ken McMullen"
"1899","Ken McMullen, Michael Wilson"
"1900","Ken Russell"
"1901","Kenji Misumi"
"1902","Kenji Mizoguchi"
"1903","Kenneth Anger"
"1904","Kenneth Branagh"
"1905","Kenneth Johnson"
"1906","Kenneth McPherson"
"1907","Kenny Ortega"
"1908","Kevin Brodie"
"1909","Kevin Costner"
"1910","Kevin Reynolds"
"1911","Kevin Smith"
"1912","Khairi Bechara"
"1913","Khaled al-Seddik"
"1914","Khaled El-Siddik"
"1915","Khelle Karis"
"1916","Kianoush Ayari"
"1917","Kibushi Ndjate Wooto"
"1918","Kiefer Sutherland"
"1919","Kim Hoson"
"1920","Kim Ki-Young"
"1921","Kim Sungok"
"1922","Kim Suyong"
"1923","Kimiyoshi Yasuda"
"1924","King Hu"
"1925","King Vidor"
"1926","Kinji Fukasaku"
"1927","Kirk Douglas"
"1928","Kirk Jones (II)"
"1929","Kirk Wong"
"1930","Kiyoshi Kurosawa"
"1931","Knud Rasmussen, Friedrich Dalsheim"
"1932","Knut Erik Jensen, Birger Amundsen"
"1933","Kohei Oguri"
"1934","Kon Ichikawa"
"1935","Kong Hung"
"1936","Konstantin Mikaberidze"
"1937","Kristian Petri"
"1938","Krzysztof Kieslowski"
"1939","Krzysztof Tchorzewski"
"1940","Krzysztof Zanussi"
"1941","Kurt Kren"
"1942","Kurt Neumann"
"1943","Kwon-taek Im"
"1944","Ladislas Starewitch"
"1945","Ladislas Starewitch, Irene Starewitch"
"1946","Ladislav Galeta"
"1947","Laetitia Masson"
"1948","Lagion"
"1949","Laila Mikkelsen"
"1950","Laila Pakalnina"
"1951","Lana Gogoberidze"
"1952","Lana Jokel, Kim Evans"
"1953","Lance Young"
"1954","Larry Clark"
"1955","Larry Cohen"
"1956","Larry Semon"
"1957","Larry Semon, Noel Smith, Noel Mason Smith"
"1958","Larry Semon, Norman Taurog"
"1959","Lars Brydesen"
"1960","Lars von Trier"
"1961","Lasse Hallström"
"1962","Laszlo Lugossy"
"1963","Laszlo Moholy-Nagy"
"1964","Laszlo Szabo (I)"
"1965","Latif Lahlou"
"1966","Lau Lauritzen (I)"
"1967","Laurence Attali"
"1968","Laurence Ferreira Barbosa"
"1969","Laurence Olivier"
"1970","Laurent Bénégui"
"1971","Laurent Bouhnik"
"1972","Laurent Cantet"
"1973","Laurent Champoussin"
"1974","Laurent Chevallier"
"1975","Laurent Firode"
"1976","Laurent Heynemann"
"1977","Laurent Perrin"
"1978","Laurent Tuel"
"1979","Laurie McInnes"
"1980","Lawrence Kasdan"
"1981","Lazlo Moholy-Nagy"
"1982","Le Hoang"
"1983","Léa Pool"
"1984","Leao Lopes"
"1985","Lee Doo-yong"
"1986","Lee Myung-Se"
"1987","Lee Yuk"
"1988","Leigh Jason"
"1989","Len Lye"
"1990","Leo Joannon"
"1991","Leo McCarey"
"1992","Leo McCarey, Clyde Bruckman"
"1993","Leo McCarey, James Parrott"
"1994","Leon Hirszman"
"1995","Leon Ichaso"
"1996","Leon Mathot"
"1997","Leon Poirier"
"1998","Leon Terdjanian"
"1999","Leonardo Bercovici"
"2000","Léonce Perret"
"2001","Léonide Moguy"
"2002","Leontine Sagan"
"2003","Leos Carax"
"2004","Les Blair"
"2005","Leslie H. Martinson"
"2006","Leslie Pearce"
"2007","Lev Atamanov"
"2008","Lev Koulechov"
"2009","Lewis Gilbert"
"2010","Lewis Haussler"
"2011","Lewis Milestone"
"2012","Lewis R. Foster"
"2013","Lewis Teague"
"2014","Lidiya Bobrova"
"2015","Lili Rademakers"
"2016","Lilia Ollivier"
"2017","Liliana Cavani"
"2018","Liliane de Kermadec"
"2019","Lina Wertmüller"
"2020","Lionel Delplanque"
"2021","Lionel Mgakane"
"2022","Lionel Rogosin"
"2023","Lionel Soukaz"
"2024","Liria Begeja"
"2025","Livia Gyarmathy"
"2026","Lloyd Bacon"
"2027","Lloyd Bacon, Darryl F. Zanuck"
"2028","Lo Wei"
"2029","Loïe Fuller, Gabrielle Sorere"
"2030","Lorenzo Recio"
"2031","Lothar Lambert"
"2032","Lotte Reiniger, Carl Koch"
"2033","Louis Chalem"
"2034","Louis Daquin"
"2035","Louis Delluc"
"2036","Louis Diligent"
"2037","Louis Feuillade"
"2038","Louis Grospierre"
"2039","Louis Lumière, Auguste Lumière"
"2040","Louis Malle"
"2041","Louis Merlin"
"2042","Louis Skorecki"
"2043","Lowell Sherman"
"2044","Lu Yue"
"2045","Luc Besson"
"2046","Luc Bondy"
"2047","Luc de Heusch"
"2048","Luc Decaster, Ouadi Guenich"
"2049","Luc Leclerc du Sablon"
"2050","Luc Moullet"
"2051","Luc Saint-Laurent"
"2052","Luc-Henri Fage"
"2053","Lucas Belvaux"
"2054","Luchino Visconti"
"2055","Lucian Pintilie"
"2056","Lucian Segura"
"2057","Luciano Emmer"
"2058","Luciano Rigolini"
"2059","Lucie Derain"
"2060","Lucien Clergue"
"2061","Lucio Fulci"
"2062","Lucius Henderson"
"2063","Ludmil Todorov"
"2064","Ludwig Berger, Michael Powell, Tim Whelan"
"2065","Luigi Comencini"
"2066","Luigi Maggi"
"2067","Luigi Maggi, Arturo Ambrosio"
"2068","Luigi Veronesi"
"2069","Luigi Zampa"
"2070","Luis Alberto Lamata"
"2071","Luis Alcoriza"
"2072","Luis Arnaldo Campos"
"2073","Luis Buñuel"
"2074","Luis Garcia Berlanga"
"2075","Luis Marquina"
"2076","Luis Puenzo"
"2077","Luis Valdez"
"2078","Luke Cresswall, Steve McNicholas"
"2079","Luu Trong Nihn"
"2080","Lynne Ramsay"
"2081","M. Burkhalter, Yves Billon"
"2082","M. Lazzarato, Samir Abdallah, Raffaele Ventura"
"2083","M. Spinelli, Jean-Pierre Gallo"
"2084","M.M. Serra"
"2085","Mabel Normand"
"2086","Mabyl Lahlou"
"2087","Maciekewski"
"2088","Mack Sennett"
"2089","Magdalena Tazicka"
"2090","Mahamat-Saleh Haroun"
"2091","Mahmoud Zemmouri"
"2092","Mai Masri"
"2093","Mai Zetterling"
"2094","Maija-Liisa Wasmund"
"2095","Mairus O'Galop"
"2096","Malcolm Le Grice"
"2097","Malcolm Legrice"
"2098","Malik Chibane"
"2099","Malik Lakhdar-Hamina"
"2100","Malvina Vlers, Louis Merlin, Sarah Joual"
"2101","Man Ray"
"2102","Manoel de Oliveira"
"2103","Mansour Sora Wade"
"2104","Manuel Boursinhac"
"2105","Manuel Gomez Pereira"
"2106","Manuel Gutiérrez Aragon"
"2107","Manuel Lamar"
"2108","Manuel Octavio Gomez"
"2109","Manuel Otero"
"2110","Manuel Poirier"
"2111","Manuel Pradal"
"2112","Manuel Sanchez"
"2113","Manuela Fresil"
"2114","Marc Allégret"
"2115","Marc Allégret, Claude Heymann"
"2116","Marc Berger"
"2117","Marc Didden"
"2118","Marc Donskoi"
"2119","Marc Hollogne"
"2120","Marc Jampolsky"
"2121","Marc Lobet"
"2122","Marc Recha"
"2123","Marc'O"
"2124","Marc-Henri Dufresne, François Morel"
"2125","Marc-Henri Wajnberg"
"2126","Marcel Blistene"
"2127","Marcel Camus"
"2128","Marcel Carné"
"2129","Marcel Cravenne"
"2130","Marcel Duchamp, Marc Allégret, Man Ray"
"2131","Marcel Fabre"
"2132","Marcel Gibaud"
"2133","Marcel Hanoun"
"2134","Marcel L'Herbier"
"2135","Marcel Marien"
"2136","Marcel Ophüls"
"2137","Marcel Pagnol"
"2138","Marcello Pagliero"
"2139","Marco Bechis"
"2140","Marco Bellocchio"
"2141","Marco de Gastyne"
"2142","Marco Ferrari"
"2143","Marco Ferreri"
"2144","Marco La Villa, Maura La Villa"
"2145","Marco Risi"
"2146","Marek Kanievska"
"2147","Marek Piwowski"
"2148","Margaret Williams"
"2149","Margarethe von Trotta"
"2150","Margo Harkin"
"2151","Marguerite Duras"
"2152","Marguerite Duras, Jean Mascolo, Jean-Marc Turine"
"2153","Maria Koleva"
"2154","Maria Luisa Bemberg"
"2155","Maria Novaro"
"2156","Maria Ripoll"
"2157","Marian Handwerker"
"2158","Marie Epstein, Jean Benoit-Levy"
"2159","Marie Mandy"
"2160","Marie Menken"
"2161","Marie-Claire Patris"
"2162","Marie-Claude Treilhou"
"2163","Marie-France Siegler"
"2164","Marie-Genevieve Ripeau, Liliane Korb"
"2165","Marin Karmitz"
"2166","Marina Goldovskaya"
"2167","Marino Vagliano"
"2168","Mario Bava"
"2169","Mario Brenta"
"2170","Mario Caiano"
"2171","Mario Camerini"
"2172","Mario Camus"
"2173","Mario Costa"
"2174","Mario Dufour"
"2175","Mario Martone"
"2176","Mario Mattoli"
"2177","Mario Monicelli"
"2178","Mario Peixoto"
"2179","Mario Roncoroni, Gabriele d'Annunzio"
"2180","Mario Ruspoli"
"2181","Mario Soldati"
"2182","Mario Van Peebles"
"2183","Marion Cajori"
"2184","Marion Hänsel"
"2185","Marion Vernoux"
"2186","Marja Pensala"
"2187","Mark A.Z. Dippé"
"2188","Mark Achbar, Peter Wintonick, Francis Miquet"
"2189","Mark Herman"
"2190","Mark Karlin"
"2191","Mark Lewis"
"2192","Mark Pellington"
"2193","Mark Robson"
"2194","Mark Rydell"
"2195","Mark Sandrich"
"2196","Mark Soosaar"
"2197","Mark Sorkin, Georg Wilhelm Pabst"
"2198","Markku Lehmuskallio"
"2199","Markus Nummi"
"2200","Marlon Brando"
"2201","Maroun Bagdadi"
"2202","Marshall Herskovitz"
"2203","Martial Fougeron"
"2204","Martin Arnold"
"2205","Martin Fric"
"2206","Martin Ritt"
"2207","Martin Scorsese"
"2208","Martine Dugowson"
"2209","Martine Rousset"
"2210","Marwan Hamed"
"2211","Mary Lambert"
"2212","Masahiro Kobayashi"
"2213","Masaki Kobayashi"
"2214","Masayuki Suo"
"2215","Massimo Martelli"
"2216","Massoud Kimiai"
"2217","Mathieu Amalric"
"2218","Mathieu Kassovitz"
"2219","Matthew Barney"
"2220","Matthias Müller"
"2221","Matti Kassila"
"2222","Maurice Bejart"
"2223","Maurice Benayoun, Francois Schuiten"
"2224","Maurice Cloche"
"2225","Maurice Dugowson"
"2226","Maurice Gellez"
"2227","Maurice Gleize"
"2228","Maurice Labro"
"2229","Maurice Lemaitre"
"2230","Maurice Pialat"
"2231","Maurice Tanant"
"2232","Maurice Tourneur"
"2233","Maurice Tourneur, Clarence Brown"
"2234","Maurice Tourneur, Jacques de Baroncelli"
"2235","Mauritz Stiller"
"2236","Maurizio Nichetti"
"2237","Maurizio Zaccaro"
"2238","Mauro Bolognini"
"2239","Max de Rieux"
"2240","Max Ophüls"
"2241","Max Reinhardt"
"2242","Maya Deren, Alexander Hammid"
"2243","Med Hondo"
"2244","Megan McMurchy, Jeni Thornly"
"2245","Mehdi Charef"
"2246","Mehdi Lallaoui, Agnes Denis"
"2247","Mei Chung Chang"
"2248","Mel Brooks"
"2249","Mel Stuart"
"2250","Mel Welles"
"2251","Melville Shavelson"
"2252","Memduh Ün"
"2253","Men Lareida"
"2254","Merab Kokotchachvili"
"2255","Mervyn LeRoy"
"2256","Merzak Allouache"
"2257","Methodi Andonov"
"2258","Michael Apted"
"2259","Michael Balsen"
"2260","Michael Blakemore"
"2261","Michael Carreras"
"2262","Michael Caton-Jones"
"2263","Michael Cimino"
"2264","Michael Crichton"
"2265","Michael Curtiz"
"2266","Michael Curtiz, William Keighley"
"2267","Michael Gaumnitz"
"2268","Michael Haneke"
"2269","Michael Lehmann"
"2270","Michael Mann"
"2271","Michael Miller (VIII)"
"2272","Michael Moore"
"2273","Michael Oblowitz"
"2274","Michael Powell"
"2275","Michael Powell, Emeric Pressburger"
"2276","Michael Radford"
"2277","Michael Rubbo"
"2278","Michael Sarne"
"2279","Michael Schultz"
"2280","Michael Snow"
"2281","Michael Snow, Joyce Wieland"
"2282","Michael Steiner, Pascal Walder"
"2283","Michael Synek"
"2284","Michael Wadleigh"
"2285","Michael Waszynski"
"2286","Michael Winner"
"2287","Michaela Pavlatova"
"2288","Michal Bat-Adam"
"2289","Michel Andrieu"
"2290","Michel Béna"
"2291","Michel Bertrou"
"2292","Michel Blanc"
"2293","Michel Brault"
"2294","Michel Brault, Patricia Rozema, Jacques Leduc"
"2295","Michel Bulteau"
"2296","Michel Cauléa"
"2297","Michel Cauléa, Mathilde Mignon"
"2298","Michel Chion"
"2299","Michel Deville"
"2300","Michel Dieuzaide"
"2301","Michel Drach"
"2302","Michel Favart"
"2303","Michel Follin"
"2304","Michel Hazanavicius"
"2305","Michel Khleifi"
"2306","Michel Langlois"
"2307","Michel Mitrani"
"2308","Michel Moy"
"2309","Michel Nedjar"
"2310","Michel Nuridsany"
"2311","Michel Ocelot"
"2312","Michel Pamart"
"2313","Michel Piccoli"
"2314","Michel Poulette"
"2315","Michel Sibra"
"2316","Michel Soutter"
"2317","Michel Viotte"
"2318","Michel Zemer"
"2319","Michelangelo Antonioni"
"2320","Michelangelo Antonioni, Federico Fellini, Dino Risi, Alberto Lattuada, Carlo Lizzani"
"2321","Michele Massimo Tarantini"
"2322","Michele Ohayon"
"2323","Michele Placido"
"2324","Michele Soavi"
"2325","Micheline Lanctôt"
"2326","Michelle Porte"
"2327","Michio Tsuda"
"2328","Mick Garris"
"2329","Mick Jackson"
"2330","Miel van Hoogenbemt"
"2331","Miguel Littin"
"2332","Miguel Littin, Hovhannes Galstyan"
"2333","Miguel Pereira"
"2334","Mika Kaurismäki"
"2335","Mike Guermyet"
"2336","Mike Leigh"
"2337","Mike Newell"
"2338","Mike Nichols"
"2339","Mike Ockrent"
"2340","Mikhail Belikov"
"2341","Mikhail Chapiro"
"2342","Mikhail Kalatozov"
"2343","Mikhail Kobakhidze"
"2344","Mikhail Romm"
"2345","Mikhail Tchiaoureli"
"2346","Mikio Naruse"
"2347","Mikko Niskanen"
"2348","Miklos Jancso"
"2349","Milan Dor"
"2350","Miles McKane"
"2351","Milka Assaf"
"2352","Milos Forman"
"2353","Mimi Leder"
"2354","Ming Zhao"
"2355","Minh Hô Quang"
"2356","Miranda Pennell"
"2357","Mireille Dansereau"
"2358","Mitchell Leisen"
"2359","Mitsuo Yanagimachi"
"2360","Mohamed Abderrahman Tazi"
"2361","Mohamed Abouelouakar"
"2362","Mohamed Adi"
"2363","Mohamed Ali Okbi"
"2364","Mohamed Camara"
"2365","Mohamed Chahine, El-Maleh, Marwan Monazen"
"2366","Mohamed Chouikh"
"2367","Mohamed Khan"
"2368","Mohamed Malas"
"2369","Mohamed Oussama"
"2370","Mohamed Reggab"
"2371","Mohamed Salmane"
"2372","Mohamed Selmane"
"2373","Mohamed Ulad Mohand"
"2374","Mohamed Zinet"
"2375","Mohammad-Ali Talebi"
"2376","Mohammed Choukri Jamil"
"2377","Mohammed Lakhdar-Hamina"
"2378","Mohsen Makhmalbaf"
"2379","Monique Aubert"
"2380","Monta Bell"
"2381","Monte Hellman"
"2382","Montxo Armendariz"
"2383","Morgan Fisher"
"2384","Morris (I), David Hanna, Barbera"
"2385","Moshe Mizrahi"
"2386","Moumen Smihi"
"2387","Moussa Sène Absa"
"2388","Moussa Toure"
"2389","Moustapha Dao"
"2390","Mustapha, Bialatne, Laurent"
"2391","Myron Meisel, Bill Krohn, Orson Welles, Richard Wilson, Norman Foster"
"2392","Nacer Khemir"
"2393","Nagisa Oshima"
"2394","Nana Mahamo"
"2395","Nana Mdtchedlidze"
"2396","Nancy Graves"
"2397","Nanni Moretti"
"2398","Nasser Taghvai"
"2399","Nat Lilenstein"
"2400","Nathan Juran"
"2401","Nathan Miller"
"2402","Neal Slavin"
"2403","Neil Jordan"
"2404","Nelly Kaplan"
"2405","Nelson Henricks"
"2406","Nelson Pereira dos Santos"
"2407","Nelson Villas Boas"
"2408","Nelson Xavier, Ruy Guerra"
"2409","Nemesio M. Sobrevila"
"2410","Nena Baratier"
"2411","Niazi Mostafa"
"2412","Nicholas Meyer"
"2413","Nicholas Ray"
"2414","Nicholas Ray, Dusan Makavejev, Jens Jorgen Thorsen"
"2415","Nicholas Ray, Robert Parrish"
"2416","Nick Castle"
"2417","Nick Davidson"
"2418","Nick Quinn"
"2419","Nico Papatakis"
"2420","Nicolas Errera"
"2421","Nicolas Gessner"
"2422","Nicolas Jouvin"
"2423","Nicolas Philibert"
"2424","Nicolas Plateau"
"2425","Nicolas Ribowski"
"2426","Nicolas Roeg"
"2427","Nicolas Roeg, Donald Cammell"
"2428","Nicolas Vanier"
"2429","Nicole Garcia"
"2430","Nicole Stephane"
"2431","Nicole Vedres"
"2432","Nigol Bezjian"
"2433","Nikita Mikhalkov"
"2434","Nikolai Dostal"
"2435","Nikolai Goubenko"
"2436","Nikos Nikolaïdis"
"2437","Nils Gaup"
"2438","Nils Malmros"
"2439","Nino Cri"
"2440","Nino Oxilia"
"2441","Noboru Tanaka"
"2442","Nobuhiro Suwa"
"2443","Noel Burch, T. Andersen"
"2444","Noel Renard"
"2445","Noël Simsolo"
"2446","Noémie Lvovsky"
"2447","Nora Ephron"
"2448","Norbert Carbonnaux"
"2449","Noriaki Yuasa"
"2450","Norman Bergeron"
"2451","Norman Foster"
"2452","Norman Jewison"
"2453","Norman Mac Laren"
"2454","Norman McLaren"
"2455","Norman McLaren, Evelyn Lambart, Cordell Barker"
"2456","Norman Z. McLeod"
"2457","Nour Eddine Lakhmari"
"2458","Nouri Bouzid"
"2459","Ntshaueni Wa Luruli"
"2460","Nurith Aviv, Eglal Errera"
"2461","O. Eismen"
"2462","Odine Erky"
"2463","Okacha Touita"
"2464","Ola Balogun"
"2465","Ola Solum"
"2466","Ole Roos"
"2467","Oliver Stone"
"2468","Olivier Assayas"
"2469","Olivier D. Bailey"
"2470","Olivier Ducastel"
"2471","Olivier Guignard"
"2472","Olivier Péray"
"2473","Olivier Ricard"
"2474","Olivier Smolders"
"2475","Olivier Warin"
"2476","Olivier Zagar"
"2477","Olli Saarela"
"2478","Omar Amiralay"
"2479","Ömer Kavur"
"2480","Ordrich Lipski"
"2481","Orhan O?uz"
"2482","Orlando Rojas"
"2483","Orson Welles"
"2484","Orson Welles, Jesús Franco"
"2485","Oskar Fischinger"
"2486","Ota"
"2487","Otakar Vávra"
"2488","Otar Iosseliani"
"2489","Otto Messner, Pat Sullivan"
"2490","Otto Preminger"
"2491","Otto Preminger, Ernst Lubitsch"
"2492","Ousmane Saparov"
"2493","Ousmane Sembene"
"2494","Ousmane Sembene, Thierno Ndiaye"
"2495","Pablo Perelman"
"2496","Paco Mir, Carles Sans"
"2497","Pal Gabor"
"2498","Paolo Gioli"
"2499","Paolo Taviani, Vittorio Taviani"
"2500","Pappi Corsicato"
"2501","Park Kwang-su"
"2502","Pascal Aubier"
"2503","Pascal Auger"
"2504","Pascal Baes"
"2505","Pascal Gelinas"
"2506","Pascal Kané"
"2507","Pascal Légitimus"
"2508","Pascal Magnin"
"2509","Pascal Roulin"
"2510","Pascal Thomas"
"2511","Pascale Ferran"
"2512","Pasquale Festa Campanile"
"2513","Pasquale Pozzessere"
"2514","Pasquale Scimeca"
"2515","Pastor Vega"
"2516","Pat O'Connor"
"2517","Pat O'Neill"
"2518","Pat Sullivan"
"2519","Patrice Barrat"
"2520","Patrice Chagnard"
"2521","Patrice Chéreau"
"2522","Patrice Franceschi"
"2523","Patrice Idowu, Karim Ammour"
"2524","Patrice Leconte"
"2525","Patricia Bardon"
"2526","Patricia Mazuy"
"2527","Patricia Rozema"
"2528","Patrick Barberis"
"2529","Patrick Bokanowski"
"2530","Patrick Bouchitey"
"2531","Patrick Camus"
"2532","Patrick Cazals"
"2533","Patrick Chaput, Laurence Drummond"
"2534","Patrick Deshayes"
"2535","Patrick Grandperret"
"2536","Patrick Malakian"
"2537","Patrick Mimouni"
"2538","Patrick Parenteau"
"2539","Patrick Tresch"
"2540","Patrick Van Antwerpen"
"2541","Paul Bartel"
"2542","Paul Bogart"
"2543","Paul Brizzi, Gaëttan Brizzi"
"2544","Paul Carpita"
"2545","Paul Cox"
"2546","Paul Czinner"
"2547","Paul Donovan, Maura O'Connell"
"2548","Paul Driessen"
"2549","Paul Fejos"
"2550","Paul Grimault, Jacques Demy"
"2551","Paul Haesaerts"
"2552","Paul Leduc"
"2553","Paul Leni"
"2554","Paul Mazursky"
"2555","Paul Mesnier"
"2556","Paul Meyer"
"2557","Paul Morrissey"
"2558","Paul Newman"
"2559","Paul Paviot"
"2560","Paul Paviot, Andre Heinrich"
"2561","Paul Schrader"
"2562","Paul Shanits"
"2563","Paul Sharits"
"2564","Paul Shatits"
"2565","Paul Strand, Leo Hurwitz"
"2566","Paul Tana"
"2567","Paul Vecchiali"
"2568","Paul Verhoeven"
"2569","Paul Wegener, Carl Boese"
"2570","Paul Weiland"
"2571","Paul Wendkos"
"2572","Paul-Anders Simma"
"2573","Paul-Eluard de Saint-Denis"
"2574","Paula Delsol"
"2575","Paule Muxel, Bertrand de Solliers"
"2576","Paule Zajdermann"
"2577","Paulo Caldas, Lirio Ferreiro"
"2578","Paulo César Saraceni"
"2579","Paulo Rocha"
"2580","Pavel Lungin"
"2581","Pea Holmquist, Pierre Bjorklund"
"2582","Pedro Almodóvar"
"2583","Pedro Costa"
"2584","Pedro Olea"
"2585","Pekka Parikka"
"2586","Pen Densham"
"2587","Penelope Spheeris"
"2588","Per Ahlin"
"2589","Per Blom"
"2590","Percy Adlon"
"2591","Perrine Bauduin"
"2592","Péter Bacsó"
"2593","Peter Bogdanovich"
"2594","Peter Brook"
"2595","Peter Chappell"
"2596","Peter Collinson"
"2597","Peter Davis"
"2598","Peter Del Monte"
"2599","Peter Fleischmann"
"2600","Peter Forgacs"
"2601","Peter Gidal"
"2602","Peter Greenaway"
"2603","Peter Handke"
"2604","Peter Hyams"
"2605","Peter Jackson"
"2606","Peter Kassovitz"
"2607","Peter Kornai"
"2608","Peter Kosminsky"
"2609","Peter Kubelka"
"2610","Peter Lalovic"
"2611","Peter MacDonald"
"2612","Peter Markle"
"2613","Peter Medak"
"2614","Peter Pilafian"
"2615","Peter Popzlatev"
"2616","Peter Rose"
"2617","Peter Rush"
"2618","Peter Schamoni"
"2619","Peter Sehr"
"2620","Peter Sellars"
"2621","Peter Watkins"
"2622","Peter Weir"
"2623","Peter Yates"
"2624","Petr Koliha"
"2625","Peyo"
"2626","Pham Cuong"
"2627","Pham Nhue Giang, Pham Thang Phong"
"2628","Phil Alden Robinson"
"2629","Phil Joanou"
"2630","Phil Karlson"
"2631","Phil Nibbelink, Simon Wells"
"2632","Phil Roman"
"2633","Phil Solomon"
"2634","Philip D'Antoni"
"2635","Philip Haas"
"2636","Philip Kaufman"
"2637","Philippe Agostini, Raymond Leopold Bruckberger"
"2638","Philippe Baraduc"
"2639","Philippe Barassat"
"2640","Philippe Baron"
"2641","Philippe Baylaucq"
"2642","Philippe Bensoussan"
"2643","Philippe Boon, Laurent Brandenburger"
"2644","Philippe Collin"
"2645","Philippe Collin, Claude Fusee"
"2646","Philippe Condroyer"
"2647","Philippe Costantini"
"2648","Philippe de Broca"
"2649","Philippe Druillet"
"2650","Philippe Faucon"
"2651","Philippe Fourastié"
"2652","Philippe Garrel"
"2653","Philippe Grandrieux"
"2654","Philippe Grimond"
"2655","Philippe Haïm"
"2656","Philippe Harel"
"2657","Philippe Kohly"
"2658","Philippe Lioret"
"2659","Philippe Marouani, Frederic Czarnes"
"2660","Philippe Muyl"
"2661","Philippe Puicouyoul"
"2662","Philippe Simon"
"2663","Philippe Sisbane"
"2664","Philippe Truffault"
"2665","Philippe Vallois"
"2666","Phillip Noyce"
"2667","Pier Paolo Pasolini"
"2668","Pier Paolo Pasolini, Vittorio De Sica, Franco Rossi, Mauro Bolognini, Luchino Visconti"
"2669","Pierre Alechinsky"
"2670","Pierre Barde"
"2671","Pierre Benoit"
"2672","Pierre Beuchot"
"2673","Pierre Billon"
"2674","Pierre Billon, Maurice Labro"
"2675","Pierre Blanchar"
"2676","Pierre Bourgeon"
"2677","Pierre Boyer"
"2678","Pierre Cardinal"
"2679","Pierre Chenal"
"2680","Pierre Clémenti"
"2681","Pierre Colombier"
"2682","Pierre Coulibeuf"
"2683","Pierre Courthion, Isabelle Rouault"
"2684","Pierre Culliford, Yvan Delporte, Eddie Lateste"
"2685","Pierre D'Ursel"
"2686","Pierre de Herain"
"2687","Pierre Desgraupes"
"2688","Pierre Etaix"
"2689","Pierre Fournier-Bidoz"
"2690","Pierre Granier-Deferre"
"2691","Pierre Hulsman"
"2692","Pierre Jolivet"
"2693","Pierre Koralnik"
"2694","Pierre Lary"
"2695","Pierre Linhart"
"2696","Pierre Marodon"
"2697","Pierre Mignot"
"2698","Pierre Perrault"
"2699","Pierre Perrault, Michel Brault"
"2700","Pierre Prévert"
"2701","Pierre Prévert, Marcel Duhamel"
"2702","Pierre Ramelot"
"2703","Pierre Richard"
"2704","Pierre Rovere"
"2705","Pierre Salvadori"
"2706","Pierre Samson"
"2707","Pierre Schoendoerffer"
"2708","Pierre Stampfli"
"2709","Pierre Tchernia"
"2710","Pierre Trividic"
"2711","Pierre Vinour"
"2712","Pierre Zaidine"
"2713","Pierre Zucca"
"2714","Pierre-Andre Thiebaud"
"2715","Pierre-Henry Salfati"
"2716","Pierre-Jean Ducis"
"2717","Pierre-Oscar Levy"
"2718","Pietro Francisci"
"2719","Pietro Germi"
"2720","Pilar Miró"
"2721","Pilsa Helmstetter"
"2722","Pina Bausch"
"2723","Pino van Lamsweerde"
"2724","Pirjo Honkasalo"
"2725","Pirjo Honkasalo, Pekka Lehto"
"2726","Placido Castano"
"2727","Predrag Antonijevic"
"2728","Preston Sturges"
"2729","Priit Parn"
"2730","Prince, Albert Magnoli"
"2731","Pupi Avati"
"2732","Quentin Tarantino"
"2733","Quiomars Derambakhsh"
"2734","R. Dinesen, A. Lind"
"2735","R. Temba"
"2736","Rachel Weinberg"
"2737","Rachid Ben Hadj"
"2738","Rachid Bouchareb"
"2739","Rachid Macharawi"
"2740","Rachid Nougmanov"
"2741","Rachida Krim"
"2742","Radovan Tadic"
"2743","Radu Mihaileanu"
"2744","Radwan El-Kachef"
"2745","Radwan El-Kashef"
"2746","Raffaele Andreassi"
"2747","Raffaello Matarazzo"
"2748","Rafi Boukai"
"2749","Rafi Pitts"
"2750","Rainer Werner Fassbinder"
"2751","Raja Amari"
"2752","Raja Gosnell"
"2753","Rajab Mohammadin"
"2754","Ralph Bakshi"
"2755","Ralph Nelson"
"2756","Ralph S. Singleton"
"2757","Ralph Thomas"
"2758","Ram Levi"
"2759","Randa Chahal Sabbag"
"2760","Randa Haines"
"2761","Randal Kleiser"
"2762","Raoul Peck"
"2763","Raoul Ruiz"
"2764","Raoul Servais"
"2765","Raoul Walsh"
"2766","Raphael Delpard"
"2767","Raphaël Nadjari"
"2768","Raquel Gerber"
"2769","Rauni Mollberg"
"2770","Ray Enright"
"2771","Ray Goossens"
"2772","Ray Milland"
"2773","Raymond Bernard"
"2774","Raymond Boutros"
"2775","Raymond Cannon"
"2776","Raymond Depardon"
"2777","Raymond Depardon, Roger Ikhlef"
"2778","Raymond Hains"
"2779","Raymond Jafelice"
"2780","Raymond Kane"
"2781","Raymond Leblanc"
"2782","Raymond Vogel"
"2783","Raymond Vogel, Victoria Mercanton"
"2784","Raynal Pellicier"
"2785","Reginald Barker"
"2786","Regis Obadia"
"2787","Régis Wargnier"
"2788","Rein Raamat"
"2789","Reinhold Schunzel"
"2790","Remy Belvaux, André Bonzel, Benoît Poelvoorde"
"2791","Remy Giordano"
"2792","Renan Pollès"
"2793","Renato Castellani"
"2794","Renaud Victor"
"2795","René Allio"
"2796","Rene Bjerke"
"2797","René Clair"
"2798","René Clair, Alessandro Blasetti, Hervé Bromberger, Luis Garcia Berlanga"
"2799","René Clément"
"2800","René Clément, Noël-Noël"
"2801","Rene Delacroix"
"2802","René Féret"
"2803","René Gilson"
"2804","René Goscinny, Albert Uderzo"
"2805","René Goscinny, Albert Uderzo, Pierre Watrin, Henri Gruel"
"2806","René Goscinny, Morris (I), Henri Gruel"
"2807","René Goscinny, Morris (I), Pierre Tchernia"
"2808","Rene Guissart"
"2809","Rene Hervil"
"2810","René Laloux"
"2811","René Le Hénaff"
"2812","Rene Le Somptier"
"2813","René Lucot"
"2814","Rene Magritte"
"2815","Rene Moreau"
"2816","Rene Perraudin"
"2817","Rene Perraudin, Wolfgang Jacobsen, Martin Koerber"
"2818","Rene Pujol, Hans Steinhoff"
"2819","Rene Thomase"
"2820","René Vautier"
"2821","René Vautier, Yann le Masson, Olga Le Masson"
"2822","Rene Vienet"
"2823","René Wheeler"
"2824","Renita Lintrop, Hannes Lintrop"
"2825","Renny Harlin"
"2826","Reski Harani"
"2827","Rex Ingram"
"2828","Ricardo Larrain"
"2829","Riccardo Freda"
"2830","Riccardo Freda, Mario Bava"
"2831","Richard Attenborough"
"2832","Richard Boleslawski"
"2833","Richard Brooks"
"2834","Richard C. Sarafian"
"2835","Richard Copans"
"2836","Richard Dembo"
"2837","Richard Dindo"
"2838","Richard Donner"
"2839","Richard Elfman"
"2840","Richard Fleischer"
"2841","Richard Franklin"
"2842","Richard Lester"
"2843","Richard Loncraine"
"2844","Richard Oswald"
"2845","Richard Pottier"
"2846","Richard Prost"
"2847","Richard Quine"
"2848","Richard Thorpe"
"2849","Richard Tuggle"
"2850","Rick Rosenthal"
"2851","Ridley Scott"
"2852","Riho Unt, Volmer"
"2853","Rikki Kalbe, Barbara Kasper"
"2854","Rimantas Gruodis"
"2855","Ringo Lam"
"2856","Rinse Dream, F.X. Pope"
"2857","Rithy Panh"
"2858","Ritwik Ghatak"
"2859","Roach"
"2860","Rob Cohen"
"2861","Rob Reiner"
"2862","Robert Aldrich"
"2863","Robert Altman"
"2864","Robert Altman, Bruce Beresford, Bill Bryden, Jean-Luc Godard, Derek Jarman"
"2865","Robert Benton"
"2866","Robert Bibal, Sacha Guitry"
"2867","Robert Bober, Georges Perec"
"2868","Robert Boudrioz"
"2869","Robert Breer"
"2870","Robert Bresson"
"2871","Robert Cibis"
"2872","Robert D. Webb"
"2873","Robert Dalva"
"2874","Robert de Lacy"
"2875","Robert de Nesle"
"2876","Robert Dhéry"
"2877","Robert Drew"
"2878","Robert Ellis Miller"
"2879","Robert Enrico"
"2880","Robert Florey"
"2881","Robert Fuest"
"2882","Robert Guédiguian"
"2883","Robert Guédiguian, Frank Le Wita"
"2884","Robert Hamer"
"2885","Robert Hamer, Alberto Cavalcanti, Basil Dearden, Charles Crichton"
"2886","Robert Hossein"
"2887","Robert J. Flaherty"
"2888","Robert J. Flaherty, Zoltan Korda"
"2889","Robert Kaylor"
"2890","Robert Kramer"
"2891","Robert Kramer, John Douglas"
"2892","Robert Lewis"
"2893","Robert Mandel"
"2894","Robert Menegoz"
"2895","Robert Montgomery"
"2896","Robert Moore"
"2897","Robert Morin"
"2898","Robert Mulligan"
"2899","Robert Parrish"
"2900","Robert Redford"
"2901","Robert Rodriguez"
"2902","Robert Rossen"
"2903","Robert Saakiantz"
"2904","Robert Saidreau"
"2905","Robert Siodmak"
"2906","Robert Siodmak, Edgar G. Ulmer"
"2907","Robert Smithson"
"2908","Robert Stevenson"
"2909","Robert van Ackeren"
"2910","Robert W. Paul"
"2911","Robert Wiene"
"2912","Robert Wise"
"2913","Robert Wise, Jerome Robbins"
"2914","Robert Zemeckis"
"2915","Roberto Benigni"
"2916","Roberto Cimpanelli"
"2917","Roberto Faenza"
"2918","Roberto Farias"
"2919","Roberto Gavaldon"
"2920","Roberto Giannarelli"
"2921","Roberto Grazelli"
"2922","Roberto Rossellini"
"2923","Roberto Rossellini, Eduardo De Filippo, Jean Dréville, Yves Allégret, Claude Autant-Lara"
"2924","Robin Hardy"
"2925","Robin Spry"
"2926","Rocky Morton, Annabel Jankel"
"2927","Rod Daniel"
"2928","Roger Andrieux"
"2929","Roger Boussinot"
"2930","Roger Cantin"
"2931","Roger Coggio"
"2932","Roger Corman"
"2933","Roger Donaldson"
"2934","Roger Gnoan M'Bala"
"2935","Roger Goupillieres"
"2936","Roger Guillot"
"2937","Roger Hanin"
"2938","Roger Leenhardt"
"2939","Roger Lion"
"2940","Roger Livet, Rene Magritte"
"2941","Roger Pic"
"2942","Roger Pigaut, Wang Kia-Yi"
"2943","Roger Planchon"
"2944","Roger Telo"
"2945","Rogério Sganzerla"
"2946","Roland Emmerich"
"2947","Roland Joffé"
"2948","Roland Penrose"
"2949","Roland Petit"
"2950","Roland Tual"
"2951","Roland-Bernard"
"2952","Rolf De Heer"
"2953","Rolf Schübel"
"2954","Romain Goupil"
"2955","Roman Chalbaud"
"2956","Roman Polanski"
"2957","Roman Tikhomirov"
"2958","Romano Prada"
"2959","Ron Fricke"
"2960","Ron Havilio"
"2961","Ron Howard"
"2962","Ron Rice"
"2963","Ron Shelton"
"2964","Ron Underwood"
"2965","Ronald Nameth"
"2966","Ronald Neame"
"2967","Roscoe 'Fatty' Arbuckle"
"2968","Rose Lowder"
"2969","Rose Troche"
"2970","Rosemarie Blank"
"2971","Rouben Mamoulian"
"2972","Rowdy Herrington"
"2973","Rowland V. Lee"
"2974","Roy Del Ruth"
"2975","Roy Ward Baker"
"2976","Roy William Neill"
"2977","Rozier-Beaumont"
"2978","Rudolf Thome"
"2979","Rudolf Van den Berg"
"2980","Russ Meyer"
"2981","Ruy Guerra"
"2982","Ryosuke Hashiguchi"
"2983","Ryszard Bugajski"
"2984","Ryu Murakami"
"2985","S. Pierre Yameogo"
"2986","Saad Salman"
"2987","Saara Cantell"
"2988","Sabrina Malek, Arnaud Soulier"
"2989","SABU"
"2990","Sacha Guitry"
"2991","Sacha Guitry, Alexandre Ryder"
"2992","Sacha Guitry, Clément Duhour"
"2993","Sacha Guitry, Fernand Rivers"
"2994","Safaa Fathy"
"2995","Salah Abou Seif"
"2996","Salah Dehni"
"2997","Sally Potter"
"2998","Salvatore Maira"
"2999","Sam Karmann"
"3000","Sam Peckinpah"
"3001","Sam Pillsbury"
"3002","Sam Raimi"
"3003","Sam Taylor, Fred Newmeyer"
"3004","Sam Weisman"
"3005","Sam Wood"
"3006","Samba Felix Ndiaye"
"3007","Sameera Jain"
"3008","Sami Frey"
"3009","Samir"
"3010","Samir Aouf"
"3011","Samir Nasri"
"3012","Samir Zikra"
"3013","Samuel Fuller"
"3014","Samuel, Frederic Guillaume"
"3015","Samy Szlingerbaum"
"3016","Sandor Korda"
"3017","Sandro Franchina"
"3018","Santiago Alvarez"
"3019","Santiago San Miguel"
"3020","Sara Gómez"
"3021","Sarah Bejaoui, Hajer Rachedi, Aissatou Soumare"
"3022","Sarah Maldoror"
"3023","Satyajit Ray"
"3024","Saul Bass"
"3025","Schmelzdahin"
"3026","Scott Hammen"
"3027","Scott Silver"
"3028","Scott Winant"
"3029","Sean Penn"
"3030","Sean S. Cunningham"
"3031","Sean Smith, Anthony Stark"
"3032","Sebastian Gutierrez"
"3033","Sébastien Lifshitz"
"3034","Segundo de Chomon"
"3035","Seijun Suzuki"
"3036","Serge Avédikian"
"3037","Serge de Poligny"
"3038","Serge Elissalde"
"3039","Serge Gainsbourg"
"3040","Serge Griboff"
"3041","Serge Le Péron"
"3042","Serge Leroy"
"3043","Serge Moati"
"3044","Serge Mosco, Melinee Manouchian, Charles Mitzflicker"
"3045","Serge Nadejdine"
"3046","Serge Narejdine"
"3047","Serge Poljinsky"
"3048","Serge Roullet"
"3049","Serge Vassiliev, Georges Vassiliev"
"3050","Sergei Bondarchuk"
"3051","Sergei Paradjanov"
"3052","Sergei Paradjanov, David Abachidze"
"3053","Sergey Bodrov"
"3054","Sergio Cabrera"
"3055","Sergio Corbucci"
"3056","Sergio Gobbi"
"3057","Sergio Grieco"
"3058","Sergio Leone"
"3059","Sergio Leone, Mario Bonnard"
"3060","Sergio Martino"
"3061","Sergio Rubini"
"3062","Sergio Sollima"
"3063","Sergio Stivaletti"
"3064","Sergiu Nicolaescu"
"3065","Serguei Mikaelian"
"3066","Sergueï Mikhailovich Eisenstein"
"3067","Sergueï Mikhailovich Eisenstein, Grigori Aleksandrov"
"3068","Serguei Paradjanov"
"3069","Serguei Youtkevitch"
"3070","Serik Aprymov"
"3071","Sharunas Bartas"
"3072","Sheldon Lettich"
"3073","Shigemaru Shimoyama, Serge de Poligny"
"3074","Shin Sang-ok"
"3075","Shinji Aoyama"
"3076","Shinji Soomai"
"3077","Shinobu Yaguchi"
"3078","Shirley Clarke"
"3079","Shohei Imamura"
"3080","Shuji Terayama"
"3081","Shyam Benegal"
"3082","Sidney Alcott, Frank Oates Rose"
"3083","Sidney Franklin"
"3084","Sidney Gilliat"
"3085","Sidney Hayers"
"3086","Sidney Lanfield"
"3087","Sidney Lumet"
"3088","Sidney Meyers"
"3089","Sidney Peterson"
"3090","Siegrid Alnoy"
"3091","Sijiri Bakaba"
"3092","Silvio Caiozzi"
"3093","Silvio Narizzano"
"3094","Silvio Soldini"
"3095","Simon Callow"
"3096","Simon Reggiani"
"3097","Simon Wincer"
"3098","Simone Bitton, Catherine Poitevin"
"3099","Simone Boruchowicz"
"3100","Simone Perrier, Pierre (II) Perrier"
"3101","Sinan Çetin"
"3102","Sinissa Dragin"
"3103","Slatan Dudow"
"3104","Slobodan Sijan"
"3105","Sogo Ishii"
"3106","Sohrab Shahid Saless"
"3107","Solveig Anspach"
"3108","Sophie Fillières"
"3109","Sophie Langelin, Jacques Raybaut"
"3110","Sophie Martre"
"3111","Sotiris Goristas"
"3112","Souheil Ben-Barka"
"3113","Souleymane Cissé"
"3114","Spartak Pecani"
"3115","Spike Lee"
"3116","Srdjan Dragojevic"
"3117","Stan Brakhage"
"3118","Stan Neumann"
"3119","Stan Neumann, Frederick Brenner"
"3120","Standish Lauwder"
"3121","Stanislav Goboroukhine"
"3122","Stanley Donen"
"3123","Stanley Donen, Gene Kelly"
"3124","Stanley Kubrick"
"3125","Stanley Kwan"
"3126","Stefan Jarl"
"3127","Stefan Paul"
"3128","Stelvio Massi"
"3129","Steno"
"3130","Stephan Schwarz"
"3131","Stéphane Aubier, Vincent Patar, Benoît Marcandella"
"3132","Stéphane Brizé"
"3133","Stéphane Clavier"
"3134","Stephane Drouot"
"3135","Stephane Gatti"
"3136","Stephane Kurc"
"3137","Stephen Barnes"
"3138","Stephen Frears"
"3139","Stephen Hopkins"
"3140","Stephen Judson"
"3141","Stephen Low"
"3142","Stephen Surjik"
"3143","Steve Hahn"
"3144","Steve Kloves"
"3145","Steve Oedekerk"
"3146","Steven Soderbergh"
"3147","Steven Spielberg"
"3148","Steven Spielberg, Robert Zemeckis, William Dear"
"3149","Steven Zaillian"
"3150","Stig Björkman"
"3151","Stijn Coninx"
"3152","Stina Werenfels"
"3153","Stuart Gillard"
"3154","Stuart Rosenberg"
"3155","Susanne Bier"
"3156","Susumu Hani"
"3157","Suzanne Osten"
"3158","Suzanne Schiffman"
"3159","Sydney Pollack"
"3160","Sylvain Chomet"
"3161","Sylvain Madigan"
"3162","Sylvia Calle"
"3163","Sylvie Guedel"
"3164","Sylvie Laliberte"
"3165","T. Vincens"
"3166","Tadashi Imai"
"3167","Taghrid El-Asfoury"
"3168","Tahani Rached"
"3169","Tai Kato"
"3170","Taieb Louhichi"
"3171","Takahiko Iimura"
"3172","Takahiko Iimura, Iimura Takahiko"
"3173","Takeshi Kitano"
"3174","Taku Ohshima"
"3175","Talgat Temenov"
"3176","Tali"
"3177","Tamsin MacCartay"
"3178","Tata Amaral"
"3179","Tatsumi Kumashiro"
"3180","Tay Garnett"
"3181","Taylor Hackford"
"3182","Ted Kotcheff"
"3183","Ted Post"
"3184","Ted Tetzlaff"
"3185","Teinosuke Kinugasa"
"3186","Tenguiz Abouladze"
"3187","Tenguiz Abouladze, Rezo Tchkheidze"
"3188","Teo Hernandez"
"3189","Teo Hernandez, Michel Nedjar, Gael Badaud"
"3190","Terence Davies"
"3191","Terence Fisher"
"3192","Terence Young"
"3193","Terrence Malick"
"3194","Terry Gilliam"
"3195","Terry Gilliam, Terry Jones"
"3196","Terry Jones"
"3197","Terry Jones, Terry Gilliam"
"3198","Tewfik Saleh"
"3199","Thaddeus O'Sullivan"
"3200","Théo Angelopoulos"
"3201","Thierry Boulanger"
"3202","Thierry Donard"
"3203","Thierry Knauff"
"3204","Thierry Knauff, Olivier Smolders"
"3205","Thierry Michel"
"3206","Thierry Zeno"
"3207","Thom Eberhardt"
"3208","Thomas Edison"
"3209","Thomas Gilou"
"3210","Thomas H. Ince"
"3211","Thomas Koerfer"
"3212","Thomas Lilti"
"3213","Thor Heyerdahl"
"3214","Thornton Freeland"
"3215","Thorsteinn Jonsson"
"3216","Thulani Mokoena"
"3217","Tian Zhuangzhuang"
"3218","Tien Hung Hsu"
"3219","Tilly"
"3220","Tim Burton"
"3221","Tim Forbes"
"3222","Tim Robbins"
"3223","Tim Roth"
"3224","Tim Whelan"
"3225","Tina Keane"
"3226","Tinto Brass"
"3227","Tjebbo Penning"
"3228","Tobe Hooper"
"3229","Tod Browning"
"3230","Todd Haynes"
"3231","Toko Yamazaki"
"3232","Tolomouch Okeev"
"3233","Tom Chomont"
"3234","Tom Clegg"
"3235","Tom Gries"
"3236","Tom Holland (II)"
"3237","Tom Kalin"
"3238","Tom Krueger"
"3239","Tom Mix"
"3240","Tom Payne, Osvaldo Sampaio"
"3241","Tom Ribero"
"3242","Tom Ropelewski"
"3243","Tom Schulman"
"3244","Tom Stoppard"
"3245","Tomas Gutierrez Alea"
"3246","Tomas Romero"
"3247","Tommy Lee Wallace"
"3248","Tomoo Fukumoto"
"3249","Tonie Marshall"
"3250","Tonino Ricci"
"3251","Tonino Valerii, Sergio Leone"
"3252","Tony Gatlif"
"3253","Tony Lekain"
"3254","Tony Richardson"
"3255","Tony Scott"
"3256","Toshio Goto"
"3257","Toshio Matsumoto"
"3258","Tracey Moffat"
"3259","Tran Anh Hung"
"3260","Tran Van Thuy"
"3261","Tran Vu."
"3262","Tsipi Reibenbach"
"3263","Tunç Okan"
"3264","Tuomas Sallinen"
"3265","Türkan ?oray"
"3266","Tyron Montgomery, Thomas Stellmach"
"3267","U. Iwerks"
"3268","Ub Iwerks"
"3269","Udayan Prasad"
"3270","Ugo Adilardi"
"3271","Ugo Ailardi"
"3272","Uli Edel"
"3273","Ulla Boje Rasmussen"
"3274","Ulli Lommel"
"3275","Ulrich Seidl"
"3276","Ulrike Ottinger"
"3277","Ulu Grosbard"
"3278","Umberto Lenzi"
"3279","Unglee"
"3280","Unni Straume"
"3281","Uri Barbash"
"3282","Uri Zohar"
"3283","V. Romachkov"
"3284","V. Smikova"
"3285","Vadim Kourtchevski"
"3286","Val Guest"
"3287","Valdas Navasaitis"
"3288","Valentin Vaala"
"3289","Valérie Lemercier"
"3290","Valérie Müller"
"3291","Valerio Zurlini"
"3292","Valery Gaillard"
"3293","Valery Todorovsky"
"3294","Valie Export"
"3295","Vassili Choukchine"
"3296","Vassili Pitchoul"
"3297","Ventura Pons"
"3298","Véra Belmont"
"3299","Vera Chytilova"
"3300","Vera Stroeva"
"3301","Vernon Zimmerman"
"3302","Veronika Wedo Dessout"
"3303","Veronique Aubouy"
"3304","Veronique Sevin"
"3305","Viatcheslav Krichtofovitch"
"3306","Viatcheslav Tourjansky"
"3307","Vibeke Lokkeberg"
"3308","Vicente Aranda"
"3309","Victor Erice"
"3310","Victor Fleming"
"3311","Victor Fleming, Josef von Sternberg, Julien Duvivier"
"3312","Victor Gress"
"3313","Victor Halperin"
"3314","Victor Sjöstrom"
"3315","Victor Tourine"
"3316","Victor Trivas"
"3317","Victorin-Hippolyte Jasset"
"3318","Viet Linh"
"3319","Viktor Kubal"
"3320","Vilgot Sjoman"
"3321","Vincent Dawn"
"3322","Vincent Dietschy"
"3323","Vincent Monnet"
"3324","Vincente Minnelli"
"3325","Vincente Minnelli, George Sidney, Lemuel Ayers, Roy Del Ruth, Robert Lewis"
"3326","Vincenzo Natali"
"3327","Violaine de Villers"
"3328","Violaine de Villers, Jean-Marc Turine"
"3329","Virginie Apiou"
"3330","Virginie Thevenet"
"3331","Vitali Kanevski"
"3332","Vittorio Cottafavi"
"3333","Vittorio De Sica"
"3334","Vivianne Perelmuter"
"3335","Vladimir Gorikker"
"3336","Vladimir Kuznetsov"
"3337","Vladimir Menshov"
"3338","Volker Koepp"
"3339","Volker Schlöndorff"
"3340","Volker Schlöndorff, Margarethe von Trotta"
"3341","Vsevolod Pudovkin"
"3342","Vu Chong"
"3343","Waldemar Dziki"
"3344","Waldir Onofre"
"3345","Walerian Borowczyk"
"3346","Walerian Borowczyk, Chris Marker"
"3347","Wallace McCutcheon"
"3348","Walter Asmus"
"3349","Walter Hill"
"3350","Walter Ruttmann"
"3351","Walter Wright"
"3352","Wan Jen Tseng"
"3353","Wan Laiming"
"3354","Wan Ren, Wan Jen"
"3355","Wanda Jakubowska"
"3356","Wang Xiaoshuai, Sanping Han"
"3357","Warren Beatty"
"3358","Wayne Wang"
"3359","Wendy Tilby, Amanda Forbis"
"3360","Werner Herzog"
"3361","Werner Nekes"
"3362","Werner Penzel, Nicolas Humbert"
"3363","Werner Schroeter"
"3364","Wes Craven"
"3365","Wesley Ruggles"
"3366","Wilhelm Thiele"
"3367","Will Hartman"
"3368","William A. Seiter"
"3369","William A. Wellman"
"3370","William Cameron Menzies"
"3371","William Castle"
"3372","William Crain"
"3373","William Dieterle"
"3374","William Freshmann, Giacomo Gentilomo"
"3375","William Friedkin"
"3376","William Guerin"
"3377","William K.L. Dickson"
"3378","William Klein"
"3379","William Matthews Tilghman"
"3380","William Mimouni"
"3381","William Moritz"
"3382","William Mortiz"
"3383","William Nolan"
"3384","William Peter Blatty"
"3385","William Wiard"
"3386","William Witney, John English"
"3387","William Wyler"
"3388","Willy Mullens"
"3389","Willy Zielke"
"3390","Wim Wenders"
"3391","Wim Wenders, Nicholas Ray"
"3392","Wojciech Has"
"3393","Wojciech Wisnieski"
"3394","Wolfgang Becker (II)"
"3395","Wolfgang Kolb"
"3396","Wolfgang Panzer"
"3397","Wolfgang Petersen"
"3398","Wolfgang Reitherman"
"3399","Wolfgang Reitherman, Eric Larson, Les Clark, Clyde Geronimi"
"3400","Wolke Kluppell"
"3401","Woo-Ping Yuen"
"3402","Woody Allen"
"3403","Wu Chia Chun"
"3404","Wu Tian-Ming"
"3405","Xavier Beauvois"
"3406","Xavier Durringer"
"3407","Xie Tian"
"3408","Xiling Shen"
"3409","Y?lmaz Güney"
"3410","Y?lmaz Güney, Zeki Ökten"
"3411","Yakov Protazanov"
"3412","Yamina Benguigui"
"3413","Yann Beauvais"
"3414","Yann Breleux, Alain Thibault"
"3415","Yann le Masson"
"3416","Yann le Masson, Benie Deswarte"
"3417","Yannick Bellon"
"3418","Yannis Smaragdis"
"3419","Yasujirô Ozu"
"3420","Yasujiro Shimazu"
"3421","Yasuzo Masumura"
"3422","Yavuz Turgul"
"3423","Yeh Hung-Wei"
"3424","Yehouda Leman"
"3425","Yehuda Judd Ne'eman"
"3426","Yi Pyongil"
"3427","Yimou Zhang"
"3428","Yoichi Takabayashi"
"3429","Yoji Yamada"
"3430","Yolande Zauberman"
"3431","Yoram Gross"
"3432","Yoshishige Yoshida"
"3433","Yoshiyuki Kuroda"
"3434","Youri Mamine"
"3435","Youri Norstein"
"3436","Youssef Chahine"
"3437","Youssef Wahbi"
"3438","Yuan Muzhi"
"3439","Yuichi Ito"
"3440","Yuliya Ippolitovna Solntseva"
"3441","Yuri Illienko"
"3442","Yvan Butler"
"3443","Yves Allégret"
"3444","Yves Amoureux"
"3445","Yves Boisset"
"3446","Yves Bourgeois"
"3447","Yves Caumon"
"3448","Yves Ciampi"
"3449","Yves Hinant"
"3450","Yves Kovacs"
"3451","Yves Laumet"
"3452","Yves Mirande"
"3453","Yves Robert"
"3454","Yvon Marciano"
"3455","Zbigniew Rybczynski"
"3456","Zdenek Sirovy"
"3457","Zdenek Zaoral"
"3458","Ze'ev Revach"
"3459","Zeze Gambao"
"3460","Zhao Jisong"
"3461","Zheng Dongtian"
"3462","Zola Maseko"
"3463","Zoltan Horvath"
"3464","Zoltan Korda"
"3465","Zoulfikar Mousakov"
"3466","Zózimo Bulbul"
"3467","Zsolt Kezdi Kovacs"
