"LabelID","Label"
"1","10"
"2","10 X 18"
"3","10-18"
"4","10/18"
"5","12 BIS"
"6","12-21"
"7","20th Century Fox"
"8","2M"
"9","404"
"10","404 Editions"
"11","5 Continents"
"12","50 Minutes"
"13","7 Seasons"
"14","7ème Cercle"
"15","978-2-9557501-4-8"
"16","A et J PICARD"
"17","A. Colin"
"18","A. Fournier"
"19","A. Lemerre"
"20","A. Michel"
"21","A. Taffin-Lefort"
"22","A.-G. Nizet"
"23","A.G. Nizet"
"24","Abrams"
"25","ACC Art Books"
"26","Accents poétiques"
"27","ACR Edition"
"28","Acte Sud"
"29","Actes Sud"
"30","Actes Sud Editions"
"31","Actes Sud-Papiers"
"32","Action Publishing (Glendale, CA)"
"33","Ad Vitam"
"34","AdA"
"35","Adam Biro"
"36","Adamant Media Corporation"
"37","ADIDAS"
"38","Administration du guide l'Atlantic"
"39","Aedis"
"40","AFNIL"
"41","Afrhc"
"42","Agapea"
"43","Agnès RUIZ"
"44","Agone"
"45","Agullo"
"46","Akata"
"47","Akileos"
"48","AL DANTE"
"49","Al Manar - Alain Gorius"
"50","Alain Barthélémy"
"51","Albert René"
"52","ALBIN MICHEL"
"53","Albin Michel - L'Echo des Savanes"
"54","Albin Michel Jeunesse"
"55","Albin Michel/Les Belles Lettres"
"56","Alfred Publishing"
"57","Alfred Publishing Company"
"58","Alianza Editorial"
"59","Alianza Editorial Sa"
"60","Alinéa"
"61","Alire"
"62","Allary"
"63","Allia"
"64","Alma Editeur"
"65","Alphee"
"66","ALPINA"
"67","Alternatives"
"68","AMAES"
"69","Amalthée"
"70","AmazonCrossing"
"71","AMMO Books LLC"
"72","AMPHORA"
"73","Amyot"
"74","An Here"
"75","Anacharsis"
"76","Anagrama"
"77","André Beguin"
"78","Andrews McMeel Publishing"
"79","Angelesse Angie éditions"
"80","Anima Studio Productions"
"81","Ankama"
"82","ANKAMA EDITIONS"
"83","Anne Carrière"
"84","Anne-Marie Métailié"
"85","Antigone14 Editions"
"86","Antoine MARY"
"87","Aperture"
"88","Aperture (2015-10-05)"
"89","Appleton-Century-Crofts"
"90","Archeo-Numis"
"91","Archimbaud-Klincksieck"
"92","Archimbaud-Séguier"
"93","Archipel"
"94","Archipoche"
"95","Archives & Culture"
"96","Archives Cult"
"97","Arfon"
"98","Arfuyen"
"99","Argusvalentines"
"100","Argusvalentines.sa"
"101","Ariane"
"102","Arkhana Vox"
"103","ARKHE EDITIONS"
"104","Arléa"
"105","Arléa Editions"
"106","Armand Colin"
"107","Armand Gérard à 50 exemplaires"
"108","Arnoldsche"
"109","Ars Magna"
"110","Art Absolument"
"111","Art Books International"
"112","Art et Comedie"
"113","Arthaud"
"114","Arthaud poche"
"115","Arthaud Sempervivum 16"
"116","Arthaud, Collection les Beaux Pays"
"117","Artheme Fayard"
"118","Arthena"
"119","Artois Presses Université"
"120","Arts des 2 mondes"
"121","Arts et BD"
"122","Arvensa Editions"
"123","Assimil"
"124","Association des publications de l'Université de Toulouse-Le Mirail"
"125","Association Française d'Action Artistique / Ministère de la Coopération et du Développement"
"126","Assouline"
"127","Asssouline"
"128","ASTIBERRI EDICIONES"
"129","Asuka"
"130","Atlande"
"131","Atlantica"
"132","Atout France"
"133","Atrabile"
"134","Atrabile Editions"
"135","Au Diable Vauvert"
"136","Aubanel"
"137","Audiolib"
"138","Autrement"
"139","Autrement Dit"
"140","Aux Amateurs de Livres"
"141","Auzou"
"142","Auzou Editions"
"143","Babel"
"144","Babylone Editions"
"145","Baie des Anges"
"146","BAKER STREET EDITIONS"
"147","Balland"
"148","Bamboo"
"149","Bamboo Editions"
"150","Bartillat"
"151","BASTAQUE"
"152","Baudelaire"
"153","Bayard"
"154","Bayard Culture"
"155","Bayard Jeunesse"
"156","Bayard Livres"
"157","BCP de l'Essonne"
"158","BD Kids"
"159","Beauchesne"
"160","Beauchesne Editions"
"161","Beaux Arts Editions"
"162","Beaux Arts Magazine"
"163","Belfond"
"164","Belfond (réédition numérique FeniXX)"
"165","Belial"
"166","BELIN"
"167","Belin - Gallimard"
"168","BELIN EDITIONS"
"169","BELIN LITTERATURE ET REVUES"
"170","Belles Lettres"
"171","Bénévent"
"172","Bénévent Editions"
"173","Berg International éditeurs"
"174","Bergli Books Ltd"
"175","Berkley"
"176","Bibliotheque Interdite"
"177","Bibliothèque municipale"
"178","Bibliothèque publique d'information du Centre Pompidou"
"179","Billaudot"
"180","Birkhäuser"
"181","Birkhauser Verlag AG"
"182","BIS Publishers B.V."
"183","Black Book Editions"
"184","Black Books"
"185","Black Library"
"186","Blackbook Éditions"
"187","Blake Mortimer"
"188","Blanche"
"189","Bleu de Chine"
"190","BLF Europe Editions"
"191","BMR"
"192","BnF éditions"
"193","Bod"
"194","Bookelis"
"195","Books on Demand"
"196","Books on Demand Editions"
"197","Boosey & Hawkes"
"198","Bordas"
"199","Bordas Editions"
"200","Bordessoules"
"201","Boréal"
"202","Borgo Press"
"203","BOULOIS EDITIONS"
"204","Bouquins"
"205","BOURGOIS"
"206","Boxtree Ltd"
"207","Bozar Editions"
"208","Brage"
"209","Bragelonne"
"210","Bréal"
"211","Bréal Jeunesse"
"212","BREPOLS"
"213","British Archaeological Reports"
"214","Brunor Editions"
"215","Buchet Chastel"
"216","Buchet-Chastel"
"217","Buchet/Chastel"
"218","Budo Editions"
"219","Bueb et Reumaux"
"220","Bussière"
"221","Butterfly Editions"
"222","BUTTERFLY-EDITIONS"
"223","C.M.R. 17"
"224","Cahiers du cinéma"
"225","Caillade Publishing"
"226","Calligram"
"227","Calligram Editions"
"228","CALMANN-LEVY"
"229","Calmann-Levy Traduit de"
"230","Calvendo Verlag GmbH"
"231","Cambourakis"
"232","Camion Blanc"
"233","Canopé - CNDP"
"234","CAPRICCI"
"235","Capricci Editions"
"236","Carabas"
"237","Carisch"
"238","Carisch Musicom"
"239","Carisch-Musicom"
"240","Carpet Bombing"
"241","Cartouche"
"242","Casa de Velazquez"
"243","Casimiro"
"244","Castalia Ediciones"
"245","Casteilla"
"246","Castelmore"
"247","CASTERMAN"
"248","Casterman (21 avril 2012)"
"249","Casterman (26 janvier 2011)"
"250","Casterman (3 septembre 2014)"
"251","Casterman (7 janvier 2013)"
"252","Castor Astral"
"253","CDU SEDES"
"254","Centre France Livres - De Borée"
"255","Centre Georges Pompidou"
"256","Centre Georges Pompidou Service Commercial"
"257","CENTRE POMPIDOU"
"258","Centre Pompidou-Metz Editions"
"259","Cercle d'Art"
"260","Cerf"
"261","Ch. Delagrave"
"262","Champion"
"263","Chandeigne"
"264","Chantecler"
"265","Charles Massin"
"266","CHARLESTON EDITIONS"
"267","Chasse-Marée"
"268","Chêne"
"269","Chevau-Légers"
"270","Chiflet"
"271","Chne"
"272","Christian Bourgois"
"273","Christian Bourgois Editeur"
"274","Chronicle Books"
"275","Chronique Sociale"
"276","Cil - Cie Intern.du Livre"
"277","CIRCE"
"278","Circulo Latino"
"279","CITADELLES (MAZENOD)"
"280","Citadelles & Mazenod"
"281","Citadelles et Mazenod"
"282","CITE DE LA MUSIQUE EDITIONS"
"283","Cité du design IRDD"
"284","City Edition"
"285","Clair de lune"
"286","Claude D. Plum, Jr."
"287","Claude Lienard"
"288","Climats"
"289","Clochette"
"290","Club Bibliophile de France,"
"291","Club de la Femme"
"292","Club des Amis du Livre, Collection le Meilleur Livre du Mois"
"293","Club français du Livre"
"294","CNRS"
"295","CNRS Editions"
"296","CNRS Éditions via OpenEdition"
"297","Coédition 2024"
"298","Coédition Actes Sud"
"299","Coédition Artlys"
"300","Coédition Bayard"
"301","Coédition Biotope"
"302","Coédition Hatier"
"303","Coédition Seuil"
"304","Coédition Syrtes"
"305","Coéditions Tallandier"
"306","Coffragants"
"307","Coles Notes"
"308","Collection Lordkarsen"
"309","Collège de France"
"310","Columbia"
"311","Combel Editorial"
"312","Combre"
"313","Comité des travaux historiques et scientifiques - CTHS"
"314","Connaissance des Arts"
"315","Connaissances & Savoirs"
"316","Control P"
"317","Coop Breizh"
"318","Cornélius"
"319","Cornelius Editions"
"320","Corps 16"
"321","Corraini"
"322","Corsair"
"323","CORTI"
"324","Cosmopole"
"325","Cote de l'Amateur"
"326","Couleurs Contemporaines"
"327","Coup de Pouce"
"328","Courteau Louise"
"329","CPCO"
"330","Cpe"
"331","CREAPASSIONS"
"332","Créaphis"
"333","CreateSpace Independent Publishing Platform"
"334","Creativia"
"335","Creer"
"336","Critères"
"337","Critères Editions"
"338","CTC"
"339","CULTURA CLASICA"
"340","D/2016/Gilson Laurence, éditeur"
"341","D/2017/Gilson Laurence, éditeur"
"342","Dakota"
"343","Dalloz"
"344","Daniel Maghen"
"345","Dargaud"
"346","Dargaud - Benelux"
"347","DBD Editions"
"348","De Boeck"
"349","De Boeck Education"
"350","DE BOECK UNIVERSITE"
"351","De Fallois"
"352","De Hansy"
"353","de l'Homme"
"354","De la Martinière jeunesse"
"355","De Vive Voix"
"356","Debaisieux"
"357","Découvertes Gallimard"
"358","Del Rey Books"
"359","Delachaux"
"360","Delachaux et Niestlé"
"361","Delagrave"
"362","Delatour France"
"363","Delcourt"
"364","Delcourt/Tonkam"
"365","Delpire Editeur"
"366","Delrieu"
"367","Democratic Books"
"368","Denoël"
"369","Denoël."
"370","depot legal: 1971"
"371","Dervy éditions"
"372","Des Equateurs"
"373","Descartes Editeur"
"374","Desclée de Brouwer"
"375","Desinge & Hugo & cie"
"376","Desjonquères Editions"
"377","Dessain et Tolra"
"378","Deux Coqs d'Or"
"379","Diane de Selliers"
"380","Diane de Selliers, éditeur"
"381","Didier"
"382","Didier érudition"
"383","Didier Jeunesse"
"384","Didier-Erudition"
"385","Die Gestalten Verlag"
"386","Diff. Champion-Slatkine"
"387","Diff. P.U.F."
"388","Diffusion Payot"
"389","Difusion Centro de Publicacion y Publicaciones de Idiomas, S.L."
"390","Diplomica Verlag"
"391","Distanz Publishing"
"392","Dokument Press"
"393","Dominique Guéniot"
"394","Don Quichotte"
"395","Dover Publications Inc."
"396","Drago Arts & Communication"
"397","Dragon D'Or"
"398","Dreamspinner Press"
"399","Droz"
"400","Drugstore"
"401","DU DAUPHIN"
"402","Du Regard"
"403","Du Sonneur"
"404","DUCULOT"
"405","Dufey et Vezard"
"406","Dunod"
"407","Dupuis"
"408","Dynamite"
"409","E. Sansot"
"410","E/P/A"
"411","Eau vive"
"412","Echoppe"
"413","ECOLE DES LOISIRS"
"414","Ecole française d'Athènes"
"415","Economica"
"416","Écosociété"
"417","Ecriture"
"418","Éd. contemporaines"
"419","Éd. Esope"
"420","Éd. France loisirs"
"421","Edge"
"422","Edge Entertainment"
"423","Edicef"
"424","Edigo Multimédia Editions"
"425","Edilivre-Aparis"
"426","Edisud"
"427","Editeur distribué par Belles Lettres"
"428","Editeur distribué par MDS"
"429","Editeur distribué par UD"
"430","Edition de l erable"
"431","Edition Patrick Frey"
"432","Editions 10/18"
"433","Éditions 24 heures"
"434","Editions 365"
"435","Editions 84"
"436","Editions A & J Picard"
"437","Editions A et J Picard"
"438","Editions A&J Picard"
"439","Éditions Actes Sud"
"440","Éditions AdA"
"441","Editions addictives"
"442","Editions Aden - Bruxelles"
"443","Editions Al Dante"
"444","Editions Alain Bargain"
"445","Editions Albert René"
"446","Editions Albin Michel"
"447","Editions Allia"
"448","Éditions Anacaona"
"449","Editions Anfortas"
"450","Editions Anovi"
"451","Editions ArtLys"
"452","Editions Asap"
"453","Editions Aubier"
"454","Editions Autrement"
"455","Editions Auzou"
"456","Editions Baudelaire"
"457","Editions Ca et Là"
"458","Editions Carpentier"
"459","Editions Champ Vallon"
"460","Editions Chandeigne"
"461","Éditions Charleston"
"462","Editions Clair de Lune"
"463","Editions Classiques Garnier"
"464","Editions Complexe"
"465","Editions Contre-dires"
"466","Editions d'en bas"
"467","Editions d'Organisation"
"468","Editions d'Utovie"
"469","Editions De Boccard"
"470","Editions De Borée"
"471","Editions de Fallois"
"472","Editions de l'Amateur"
"473","Editions de l'Atelier"
"474","Editions de l'Attente"
"475","Editions de l'Aube"
"476","Editions de l'Encyclopédie des Nuisances"
"477","Éditions de l'épée"
"478","Editions de l'Homme"
"479","Éditions de l'Observatoire"
"480","Editions de l'Olivier"
"481","Editions de l'Opportun"
"482","Editions de l'Université de Liège"
"483","Éditions de la Bibliothèque nationale de France"
"484","Editions de La Différence"
"485","Editions de la Gouttière"
"486","Editions de la Hutte"
"487","Editions de la Loupe"
"488","Editions de la Martinière"
"489","Editions de la Nouvelle Revue Critique."
"490","Editions de la Reunion des musees nationaux"
"491","Editions de la Table Ronde"
"492","Editions de la Transparence"
"493","Editions de la Villette"
"494","Editions de Minuit"
"495","Editions Demi-Lune"
"496","Editions Denoël"
"497","Editions des Catalogues Raisonnés"
"498","Éditions des Falaises"
"499","Editions des Femmes"
"500","Editions des Régionalismes"
"501","Editions des régionalismes & PRNG éditions"
"502","Editions des Saints Pères"
"503","Editions des Syrtes"
"504","Editions Dixit"
"505","Editions Do"
"506","Editions du Banc d'Arguin"
"507","Editions du Camembert"
"508","Editions du Céfal"
"509","Editions du Cénacle"
"510","Editions du Centre Pompidou"
"511","Editions du Chat Noir"
"512","Editions du Chêne"
"513","Editions du Félin"
"514","Editions du Griffon,Switzerland"
"515","Editions du Linteau"
"516","Editions du Mercure de France"
"517","Éditions du Moniteur"
"518","Editions du Palémon"
"519","Editions du Patrimoine"
"520","Editions du Patrimoine Centre des monuments nationaux"
"521","Éditions du Réalisme Délirant/Outlier"
"522","Editions du Regard"
"523","Editions du Rocher"
"524","Editions du Rouergue"
"525","Editions du Seuil"
"526","Editions du Trésor"
"527","Editions du Triomphe"
"528","Editions Dupuis"
"529","Editions Edilivre"
"530","Editions Eoliennes"
"531","Editions EP&S"
"532","Editions Equinoxe"
"533","Editions Errance"
"534","Editions ESI"
"535","Editions Espaces 34"
"536","Editions Ex Aequo"
"537","Editions Flammarion"
"538","Editions Fleurus"
"539","Editions France Loisirs"
"540","Editions François Bourin"
"541","Editions Galilée"
"542","Editions Gallimard"
"543","Editions Gallimard."
"544","Éditions Gallmeister"
"545","Editions Générales First"
"546","Editions Gisserot"
"547","Editions Grasset."
"548","Editions Harlequin"
"549","Editions Hatier"
"550","Éditions Head over Hills"
"551","Editions Heimdal"
"552","Éditions Hélène Jacob"
"553","Editions Hermann"
"554","Editions Hervas"
"555","Editions Honoré Clair"
"556","Éditions Intervalles"
"557","Editions Ivrea"
"558","Editions J'ai lu"
"559","Editions Jacqueline Chambon"
"560","Editions Jean-Claude Béhar"
"561","Editions Jean-Michel Place"
"562","Éditions Jigal"
"563","Editions Jouvence"
"564","Editions Keribus"
"565","Editions Khéops"
"566","Editions Kimé"
"567","Editions L'Harmattan"
"568","Editions la Bibliothèque Digitale"
"569","Editions La Bouquinerie"
"570","Editions Lafitte-Hébrard"
"571","Editions Le Manuscrit / Manuscrit.com"
"572","Editions Léo Scheer"
"573","Editions Les Arènes"
"574","Editions Les Chevau-Légers"
"575","Editions Les Requins Marteaux"
"576","Éditions Libre-Pensée"
"577","Editions Livre de Poche"
"578","Editions Lucien Souny"
"579","Editions Lyonnaises d'Art et d'Histoire"
"580","Editions Macula"
"581","Editions Mardaga"
"582","Editions Matière"
"583","Editions Mazarine"
"584","Editions Mélibée"
"585","Editions Métailié"
"586","Editions Michalon"
"587","Editions Milan"
"588","Editions Monsa"
"589","Editions Moulinsart"
"590","Editions Musicales Francais"
"591","Editions Nagel."
"592","Editions Nova"
"593","Éditions Odile Jacob"
"594","Editions Petit à Petit"
"595","Editions Phébus"
"596","Editions Philippe Picquier"
"597","Editions Pika"
"598","Editions Place des Victoires"
"599","Editions Première Partie"
"600","Editions Présence Africaine"
"601","Editions Presses de la Cité."
"602","Editions Prisma"
"603","Editions Pyramyd"
"604","Editions Québec Amérique"
"605","Editions René Château"
"606","Éditions Rivages"
"607","Editions RMG"
"608","Editions Sans Detour"
"609","Editions Sarbacane"
"610","Editions Seconde Chance"
"611","Editions Seramis"
"612","Éditions Sharon Kena"
"613","Editions Sigest"
"614","Editions SOACD"
"615","Editions sociales"
"616","Editions Stock."
"617","Editions Sutton"
"618","Editions SW Télémaque"
"619","Editions Tallandier"
"620","Editions Théâtrales"
"621","Éditions ThoT"
"622","Editions Toucan"
"623","Editions Transboréal"
"624","Editions Verdier"
"625","Editions Vernazobres-Grego"
"626","Editions Vial"
"627","Editions Victoires"
"628","Editions Victor Gadoury"
"629","Editions Viviane Hamy"
"630","Editions Wartberg"
"631","Editions Zoé"
"632","Egmont EHAPA Verlag GmbH"
"633","Ego comme X"
"634","Elie & Mado Editions"
"635","Ellipses Marketing"
"636","Elsevier Masson"
"637","Elsevier Sequoia"
"638","Elytel"
"639","ELYTIS"
"640","em sas"
"641","EME éditions"
"642","Emile-Paul"
"643","Emmanuel Proust"
"644","Emmanuel Proust Editions"
"645","Emotion Primitive"
"646","Encrage Editions"
"647","Encyclopaedia Universalis"
"648","Enrick B. Editions"
"649","ENS-LSH Editions"
"650","ENSBA"
"651","EP Editions"
"652","EPEL"
"653","EPI"
"654","EPI Grands Ecrivains"
"655","Epistemea"
"656","Equinoxe"
"657","Erato Editions"
"658","Eres"
"659","Eric Sagan"
"660","Erick Bonnier"
"661","ESF Editeur"
"662","Esmod Editions"
"663","Espasa Calpe"
"664","Etai"
"665","Etudes et documents littéraires"
"666","Evergreen"
"667","Evidence Editions"
"668","Ex Libris"
"669","Exhibitions International"
"670","Eyrolles"
"671","F. Nathan"
"672","F2M Editions"
"673","Fabled Lands Publishing"
"674","Fage Editions"
"675","Fantask Editions"
"676","Fantasy éditions"
"677","Fantasy Flight Games"
"678","Fashionary International Limited"
"679","Fata Morgana"
"680","Faton"
"681","Favre"
"682","Fayard"
"683","Fayard/Henry Lemoine"
"684","Fayard/Mazarine"
"685","Fayard/Mille et une nuits"
"686","Fayard/Pluriel"
"687","Femme Actuelle"
"688","FeniXX réédition numérique (Albin Michel)"
"689","FeniXX réédition numérique (Balland)"
"690","FeniXX réédition numérique (De Vecchi)"
"691","FeniXX réédition numérique (François Bourin)"
"692","FeniXX réédition numérique (J.-P. Gisserot)"
"693","FeniXX réédition numérique (José Corti)"
"694","FeniXX réédition numérique (Julliard)"
"695","FeniXX réédition numérique (La Manufacture)"
"696","FeniXX réédition numérique (La Mirandole)"
"697","FeniXX réédition numérique (Les Éditions ouvrières)"
"698","FeniXX réédition numérique (N & B)"
"699","FeniXX réédition numérique (Porte-Glaive)"
"700","FeniXX réédition numérique (Publications de la Sorbonne)"
"701","FeniXX réédition numérique (Régine Deforges)"
"702","FeniXX réédition numérique (Séquences)"
"703","FeniXX réédition numérique (Tallandier)"
"704","Fennec"
"705","Fernand Hazan"
"706","Feryane Livres en gros caractères"
"707","Feymedia"
"708","Finitude"
"709","First"
"710","First Interactive"
"711","FLAMMARION"
"712","Flammarion jeunesse"
"713","FLBLB EDITIONS"
"714","Fleurus"
"715","FLEURUS / B.D."
"716","Fleurus manga"
"717","FLEUVE EDITIONS"
"718","Fleuve Noir"
"719","Fleuve Noir (31 mars 2000)"
"720","Flies France"
"721","FLUIDE GLACIAL"
"722","Folio"
"723","Folio Junior"
"724","FONDATION CARTIER"
"725","Fondation Roi Baudouin"
"726","Fonds Mercator"
"727","Forgotten Books"
"728","Fortuna"
"729","Forum cartes et collection"
"730","Foucher"
"731","Frame Publishers BV"
"732","France loisirs"
"733","Franco Cosimo Panini Editore"
"734","François Bourin Editeur"
"735","French Pulp éditions"
"736","Freytag"
"737","FREYTAG & BERNDT"
"738","From Here to Fame"
"739","Fuel"
"740","FUEL Publishing"
"741","Fundacion Caja De Arquitectos"
"742","Futuropolis"
"743","Gaïa"
"744","Galilée"
"745","Gallimard"
"746","Gallimard BD"
"747","Gallimard Éducation"
"748","Gallimard Jeunesse"
"749","Gallimard Loisirs"
"750","Games Workshop"
"751","Garnier"
"752","Garnier Freres"
"753","Gaston Lachurie"
"754","Geneva: Droz 1975."
"755","Geneve"
"756","Géorama Éditions"
"757","Gestalten"
"758","Geste"
"759","Gilbert Prieur Nemopsy"
"760","Gingko Press"
"761","Gingko Press, Inc"
"762","Ginkgo Press"
"763","Gisserot"
"764","Glénat"
"765","Glénat BD"
"766","Glenat Comics"
"767","Glénat Livres"
"768","Glénat Manga"
"769","Glenat V.Ouest"
"770","Glitterati Inc"
"771","Glittering"
"772","Globe"
"773","GLOBE (raison sociale Ecole des Loisirs)"
"774","Gloriana éditions"
"775","GoDan Janusz Kraszek"
"776","Golden Press"
"777","Goliath éditions"
"778","Gourcuff Gradenigo"
"779","Graffiti art"
"780","Grancher"
"781","Grand Central Publishing"
"782","Grands Vents"
"783","Grasset"
"784","Grasset & Fasquelle"
"785","Greenwood"
"786","Greenwood Press"
"787","Gregorian & Biblical Press"
"788","Gremese"
"789","Gremese Editore"
"790","Gremese International"
"791","Griffe d Encre"
"792","Grund"
"793","GUALINO EDITIONS"
"794","Guerin"
"795","Guernica Editions,Canada"
"796","Guggenheim Museum Publications,U.S."
"797","Gustavo Gili"
"798","Guy Trédaniel"
"799","Guy Trédaniel éditeur"
"800","H Diffusion"
"801","H. Champion"
"802","Hachette"
"803","Hachette :"
"804","HACHETTE ASTERIX"
"805","Hachette Atlantique"
"806","Hachette collections"
"807","Hachette Comics"
"808","Hachette Education"
"809","Hachette Éducation (réédition numérique FeniXX)"
"810","Hachette Enfants"
"811","Hachette Français Langue Etrangère"
"812","Hachette Jeunesse"
"813","Hachette Jeunesse Collection Disney"
"814","Hachette Littérature"
"815","Hachette Livre BNF"
"816","Hachette Pratique"
"817","Hachette Romans"
"818","Hachette Tourisme"
"819","Hachette, 1955"
"820","Hades éditions"
"821","Hades France"
"822","Hakusensha"
"823","Hal Leonard Publishing Corporation"
"824","HalLeonard"
"825","Hardigan"
"826","Harlequin"
"827","Harmattan"
"828","Harmattan BD"
"829","Harper"
"830","HarperCollins"
"831","HarperVoyager"
"832","Harrap's"
"833","Harry N. Abrams, Inc."
"834","Hartley & Marks Publishers"
"835","Hatier"
"836","Hatier International"
"837","Hatje Cantz"
"838","Hazan"
"839","Hærès Publishing"
"840","HC éditions"
"841","HELIUM"
"842","Héloïse d'Ormesson"
"843","Hemma"
"844","Heni Publishing"
"845","Henri Vial"
"846","Henry Holt & Company"
"847","Hermann"
"848","Herne"
"849","HF Ullmann Editions"
"850","Hikari Editions"
"851","Hirmer Verlag"
"852","Histoire & Collections"
"853","Histoire des idées et critique littéraire"
"854","Histoire et Collections"
"855","Hit Diffusion"
"856","Hittings"
"857","Hoëbeke"
"858","Honoré Champion"
"859","Hors Collection"
"860","Hot Manga"
"861","Hozhoni Editions"
"862","HQN"
"863","Huginn & Muninn"
"864","Huginn Muninn"
"865","HUGINN MUNINN EDITIONS"
"866","Hugo Document"
"867","Hugo Image"
"868","Hugo Roman"
"869","Hugo Sport"
"870","HUMANOIDES ET ASSOCIES"
"871","Humanos"
"872","Iberoamericana Editorial Vervuert, S.L."
"873","Ici Même"
"874","ICONOCLASTE"
"875","Ideesplus"
"876","Ides et Calendes"
"877","IDP HOME VIDEO (Boy's Love)"
"878","Iggybook"
"879","IGN"
"880","IGN - Institut Géographique National"
"881","Ikeda Shoten Co"
"882","Il Cammello (Torino)"
"883","Images En Manoeuvres"
"884","Imago"
"885","Impr. de Sébastien Jorry"
"886","Imprimerie macon"
"887","Imprimerie nationale"
"888","Imprint unknown"
"889","INDEEZ"
"890","Independently published"
"891","Indigo - Côté femmes"
"892","Infolio"
"893","Institut et Musée Voltaire"
"894","Institut et musée Voltaire les Délices"
"895","Institut français d'archéologie orientale du Caire - IFAO"
"896","Institut français de mode"
"897","Institut Geographique National"
"898","InterEditions"
"899","INTERFERENCES LIBRAIRIE UNIV DE PARIS VII"
"900","Intervalles"
"901","ireadiwrite Publishing"
"902","Isandra"
"903","ITM"
"904","ITMB Publishing"
"905","iUniverse"
"906","Ivrea"
"907","J & D"
"908","J. Pauc"
"909","J. Vrin"
"910","J.M. Place"
"911","J'ai lu"
"912","J'ai lu - Aventures et passions"
"913","J'AI LU - LIBRIO"
"914","Jacob Duvernet"
"915","Jacques Damase"
"916","JC Lattès"
"917","JCL (Editions)"
"918","Jean de BONNOT"
"919","Jean-Claude Latt"
"920","Jean-Claude Lattès"
"921","Jean-Cyrille Godefroy Editions"
"922","Jeanne Laffitte (Editions)"
"923","José Corti Editions"
"924","JOSETTE LYON"
"925","Jourdan Editions"
"926","Jouvence"
"927","JRP Ringier"
"928","Julliard"
"929","JUNGLE EDITIONS"
"930","Juno Publishing"
"931","JYB-Aventures"
"932","K. J. Chalonge"
"933","Kana"
"934","Karthala"
"935","Kaze"
"936","Kazé Editions"
"937","Kehrer Verlag"
"938","Kennes Editions"
"939","Kero"
"940","Kimane"
"941","Kiyikaat Editions"
"942","Klett"
"943","Klincksieck"
"944","KnowWare"
"945","Kolhmann"
"946","Kotoji Editions"
"947","KP Créations - Le Tout Petit Conservatoire"
"948","KS éditions"
"949","KSTR"
"950","Kurokawa"
"951","Kyle Craig Publishing Ltd."
"952","L' Arche"
"953","L' Arche (Theatre)"
"954","L' Association"
"955","L' Atalante Editions"
"956","L' Echoppe"
"957","L'Age d'Homme"
"958","L'Amateur"
"959","L'Arche"
"960","L'Arche éditeur"
"961","L'artilleur"
"962","L'asiathèque"
"963","L'Association"
"964","L'Atalante"
"965","L'Atalante Editions"
"966","L'Avant-Scène théâtre"
"967","L'écarquillé"
"968","L'Echappée"
"969","L'Echo des savanes"
"970","L'Echoppe"
"971","l'ECLAT EDITIONS"
"972","L'Ecole des loisirs"
"973","L'embobineuse"
"974","L'Entretemps"
"975","L'Harmattan"
"976","L'Histoire"
"977","L'Horizon chimérique"
"978","L'ivre-Book"
"979","L'Olivier"
"980","L'OLYMPE"
"981","La Bibliothèque"
"982","La Bibliotheque des Arts (FR)"
"983","La Boîte à Pandore"
"984","La Cinquième Couche"
"985","La Découverte"
"986","La Découvrance Éditions"
"987","La Différence"
"988","La Dispute"
"989","La Documentation française"
"990","La Fabrique Editions"
"991","La Fontaine de Siloé"
"992","La lettre volée"
"993","La Librairie des Ecoles"
"994","La Librairie Vuibert"
"995","La Maison d'Edition"
"996","La Maison du Dictionnaire"
"997","La Manufacture de l'image"
"998","La Martinière"
"999","La Martiniere Styles"
"1000","La Mascara / Semic"
"1001","La mécanique générale"
"1002","La Mirandole"
"1003","La Musardine"
"1004","La Nuée bleue"
"1005","La Part Commune"
"1006","La Plage"
"1007","La Pléaide Gallimard"
"1008","La Pléiade Gallimard"
"1009","La Renaissance du livre"
"1010","La Table Ronde"
"1011","La Vie du Rail"
"1012","LA VILLE BRULE"
"1013","Labor"
"1014","Lacour - Ollé éditions"
"1015","Laffont"
"1016","Lambert-Lucas (Editions)"
"1017","Lampsaque"
"1018","Lannoo"
"1019","Lansman"
"1020","Laoke"
"1021","Larivière (Editions)"
"1022","Larousse"
"1023","Larousse (réédition numérique FeniXX)"
"1024","Lars Müller"
"1025","Laurence King Publishing"
"1026","LCI EBooks"
"1027","lci-eBooks"
"1028","LCJ Editions"
"1029","Le Bélial"
"1030","Le Bruit du temps"
"1031","Le castor astral"
"1032","Le Centre Georges Pompidou"
"1033","Le Cerf"
"1034","Le Chasse-Marée"
"1035","Le Chêne"
"1036","Le Cherche Midi"
"1037","Le Club Français du Livre"
"1038","Le Contrepoint"
"1039","Le Corridor bleu"
"1040","Le Courrier du Livre"
"1041","Le Cri Edition"
"1042","Le Dilettante"
"1043","Le Festin"
"1044","Le Figaro Editions"
"1045","Le Grand livre du mois"
"1046","Le Grand-Châtelet"
"1047","Le Héron d'Argent"
"1048","Le Livre d'Art"
"1049","Le Livre de Poche"
"1050","Le Livre Qui Parle"
"1051","Le Lombard"
"1052","Le Masque"
"1053","Le Moniteur"
"1054","Le Mot et le reste"
"1055","Le Musée"
"1056","Le nouvel Attila"
"1057","Le Passage"
"1058","Le Passeur"
"1059","Le Passeur éditeur"
"1060","Le Point du Jour"
"1061","Le Pommier"
"1062","Le Pré aux Clercs"
"1063","Le Promeneur"
"1064","Le retour aux sources"
"1065","Le Robert"
"1066","Le Sémaphore"
"1067","Le Serpent à Plumes"
"1068","Le Seuil"
"1069","Le Temps des Cerises"
"1070","Le Tripode"
"1071","Lecène, Oudin et Cie"
"1072","LEDUC.S"
"1073","Leméac"
"1074","Lemoine"
"1075","LEN"
"1076","Léo Scheer"
"1077","lePetitLitteraire.fr"
"1078","Les Arènes"
"1079","Les Belles Lettres"
"1080","Les Cahiers dessinés"
"1081","Les éditions Braquage"
"1082","Les Editions de France, Paris."
"1083","Les Editions de l'Epervier"
"1084","Les éditions de l'observatoire"
"1085","Les Editions de l'Oeil du Sphinx"
"1086","Les Editions de Londres"
"1087","Les Editions de Minuit"
"1088","Les Editions de Paris - Max Chaleil"
"1089","Les Editions de Saxe"
"1090","Les éditions du 38"
"1091","Les Editions du Lombard"
"1092","Les Editions du Mécène"
"1093","Les Editions du Pacifique"
"1094","Les Editions du Rocher"
"1095","Les éditions ÉdiLigne Inc."
"1096","Les Éditions JCL"
"1097","Les Editions l'Oasis"
"1098","Les Editions Libertaires"
"1099","Les Enfants Rouges"
"1100","Les escales éditions"
"1101","Les Films du Paradoxe"
"1102","Les Grandes Personnes"
"1103","Les Humanoïdes Associés"
"1104","Les Impliqués"
"1105","Les Impressions nouvelles"
"1106","LES IMPRESSIONS NOUVELLES EDITIONS"
"1107","Les Indes savantes"
"1108","Les Nouveaux Auteurs"
"1109","LES NOUVELLES EDITIONS FRANCOIS BOURIN"
"1110","Les Presses d'Ile de France"
"1111","Les Presses du réel"
"1112","Les Requins Marteaux"
"1113","Les Solitaires Intempestifs"
"1114","Lesclapart"
"1115","Lettera"
"1116","Lettres Modernes"
"1117","Leuven University Press"
"1118","LGF - Livre de Poche"
"1119","LIANA LEVI"
"1120","Liber"
"1121","Libertalia"
"1122","Librairie A-G Nizet"
"1123","Librairie Arthème Fayard, 1959"
"1124","Librairie Droz"
"1125","Librairie Fontaine"
"1126","Librairie générale française"
"1127","Librairie Nizet"
"1128","Librairie plon"
"1129","Librairie Théâtrale"
"1130","Librairie You-Feng"
"1131","LIBRETTO"
"1132","Librinova"
"1133","Librio"
"1134","Libros del Zorro Rojo"
"1135","Libros Disney"
"1136","Lie Ernest Flam"
"1137","Lienart"
"1138","Lignes"
"1139","Ligue pour la Lecture de la Bible"
"1140","Lito"
"1141","Liv'Editions"
"1142","Livraphone"
"1143","Livre de Poche Jeunesse"
"1144","LOCUS SOLUS"
"1145","Lonely Planet"
"1146","Longman"
"1147","Lotus Platinium"
"1148","Louison Editions"
"1149","LTA"
"1150","Lucien Souny"
"1151","LUCIEN SOUNY EDITIONS"
"1152","Lucky Comics"
"1153","Lulu.com"
"1154","Lumen"
"1155","M. Didier"
"1156","M6 Vidéo"
"1157","Macmillan Children's Books"
"1158","Macula"
"1159","MAGAZINE LITTERAIRE"
"1160","Magellan et Cie"
"1161","Magic Tales"
"1162","MAGNARD"
"1163","Maison a Cote"
"1164","Maison de l'Orient et de la Méditerranée, Jean-Pouilloux - MOM"
"1165","Maison de vie éditeur"
"1166","Maison Européenne de La Photo"
"1167","Makaka Editions"
"1168","Maloine"
"1169","Mame"
"1170","Mame-Edifa"
"1171","Mana Books"
"1172","MANGO"
"1173","Mango Editions"
"1174","Manitoba Les Belles Lettres"
"1175","MANUFACTURE DE LIVRES"
"1176","Marabout"
"1177","MARDAGA"
"1178","Mare Martin"
"1179","MAREUIL EDITIONS"
"1180","Marie-France Hautberg"
"1181","Martino Fine Books"
"1182","Marvel Comics"
"1183","MARVEL panini comics"
"1184","Marvel Panini France"
"1185","Mary Frame"
"1186","MaryDia"
"1187","Maspéro/ La Découverte"
"1188","MASSIN CHARLES"
"1189","Max Eschig"
"1190","Max Milo"
"1191","Max Milo Editions"
"1192","Max Strom"
"1193","Mazzotta"
"1194","Mémoires millénaires Editions"
"1195","Mercure Dauphinois"
"1196","Mercure de France"
"1197","Mercure de France, 1896"
"1198","Mercure de France, 1966"
"1199","Mes Découvertes"
"1200","Métailié"
"1201","Metropol Verlag"
"1202","Metropolitan Vidéo"
"1203","MGM / United Artists"
"1204","Michael Fenris & Nick Gardel"
"1205","Michael Wiese Productions"
"1206","Michalon"
"1207","Michel albin SA"
"1208","Michel de L'Ormeraie"
"1209","Michel de Maule"
"1210","Michel Lafon"
"1211","michelamelinbestsellers"
"1212","MICHELIN"
"1213","Michelin Editions des Voyages"
"1214","Michelin Maps"
"1215","Mila éditions"
"1216","Milady"
"1217","Milady Littérature"
"1218","Milady Romance"
"1219","Milan"
"1220","Mille et Une Nuits"
"1221","Mimesis"
"1222","Minuit"
"1223","Miroirs"
"1224","MOLESKINE"
"1225","Mon Petit Editeur"
"1226","Monelle Hayot"
"1227","Monsieur Pop Corn"
"1228","MONSIEUR TOUSSAINT LOUVERTURE EDITIONS"
"1229","MONUM - EDITIONS DU PATRIMOINE"
"1230","Mosquito"
"1231","Mots Et Cie"
"1232","Moulinsart"
"1233","Moutons électriques"
"1234","Mozaika Publications"
"1235","Multisim Editions"
"1236","Musée d'art et d'histoire Saint-Denis"
"1237","Musée Denys Puech"
"1238","Musée du dessin et de l'estampe originale"
"1239","Musée du quai Branly"
"1240","Musée International de la Chaussure"
"1241","Musées Strasbourg"
"1242","Music Sales"
"1243","Muziq"
"1244","MxM Bookmark"
"1245","N. Du Chemin"
"1246","N.e.i."
"1247","Nabu Press"
"1248","Nagel"
"1249","Nathan"
"1250","National Géographic"
"1251","Navarin"
"1252","NCL Éditions"
"1253","Nelles"
"1254","Nelson Publishing & Marketing"
"1255","NERIE KAMIDA"
"1256","Nestiveqnen"
"1257","Nestiveqnen éditions"
"1258","Neudin Gérard"
"1259","Nevicata"
"1260","Nicolas Dehorter"
"1261","Nil"
"1262","Nimrod"
"1263","Nizet"
"1264","No comment éditions"
"1265","Nobi Nobi"
"1266","NOIR SUR BLANC"
"1267","Norma"
"1268","Nouveau Monde"
"1269","Nouveau Monde Editions"
"1270","Nouvelle librairie nationale"
"1271","Nouvelles Éditions Africaines du Sénégal"
"1272","Nouvelles Editions de l'Université"
"1273","Nouvelles Editions Loubatières"
"1274","Nouvelles éditions Scala"
"1275","Nouvelles Plumes"
"1276","Nuevas Ediciones de Bolsillo"
"1277","NULL"
"1278","Oct-18"
"1279","Octagon Books"
"1280","Odile Jacob"
"1281","Odyssea Publishing"
"1282","Ofelbe"
"1283","Office régional de la culture Provence-Alpes-Côte d'Azur"
"1284","Officina Libraria"
"1285","OH"
"1286","Oliver and Boyd Writers and Critics"
"1287","Olivier Orban"
"1288","Olizane"
"1289","Olydri Editions"
"1290","Ombres"
"1291","OMNIA"
"1292","Omnia Veritas Ltd"
"1293","Omnibus"
"1294","Omniscience"
"1295","ophrys"
"1296","Ophrys Editions"
"1297","Opportun"
"1298","Orchid Press Publishing Limited"
"1299","OREP Editions"
"1300","Origo-Reverte"
"1301","Ouest France"
"1302","Ouest-France"
"1303","Outre Mesure"
"1304","Oxford University Press"
"1305","Oxymore"
"1306","P & T"
"1307","P., Henri Didier, 1911."
"1308","P.I.E.-Peter Lang S.a"
"1309","P.O.L"
"1310","P.O.L."
"1311","Pace Publishing Ltd"
"1312","Pacifique"
"1313","Pages classiques"
"1314","Pan Books"
"1315","Panafrika"
"1316","Panini"
"1317","Panini Comics"
"1318","Panini France"
"1319","Panini Manga"
"1320","Papa Guédé"
"1321","Paquet"
"1322","Parenthèses"
"1323","Parenthèses Editions"
"1324","Parigramme"
"1325","Paris Musées"
"1326","Paris-Musees"
"1327","Paris, 1859/1862"
"1328","Paris, Hachette, Livres de France"
"1329","Paris: Centre National de la Recherche Scientifique"
"1330","Park Books"
"1331","Parkstone International"
"1332","Parole et Silence Editions"
"1333","Particular Books"
"1334","Pascal Galodé Editions"
"1335","Passage"
"1336","Pathé"
"1337","Patino"
"1338","Patrick Seguin"
"1339","Patrimoines Med"
"1340","Paul Beuscher"
"1341","Paul Holberton Publishing"
"1342","paul stolper"
"1343","Paul&Mike"
"1344","Paulsen"
"1345","Paulsen - Guerin"
"1346","Pauvert"
"1347","Payot"
"1348","Payot & Rivages"
"1349","PC Editions"
"1350","Pearson"
"1351","PEARSON EDUCATION"
"1352","Pearson France"
"1353","Peeters"
"1354","Pen Duick"
"1355","Penguin Classics"
"1356","Perrin"
"1357","Perrin (réédition numérique FeniXX)"
"1358","Perrin, Paris"
"1359","Peter Lang Publishing"
"1360","Petit Vehicule"
"1361","Phaidon"
"1362","PHAIDON FRANCE"
"1363","PHAIDON PRESS"
"1364","Phaidon Press Ltd"
"1365","Phaidon Press Ltd."
"1366","Phébus"
"1367","Philip N. Jackson"
"1368","Philippe Picquier"
"1369","Philippe Rey"
"1370","Philippe Salamagnou"
"1371","Picard"
"1372","PIE Books"
"1373","Pierre Belfond"
"1374","PIERRE DE TAILLAC EDITIONS"
"1375","Pierre Téqui (Editions)"
"1376","PIERRE-GUILLAUME DE ROUX"
"1377","Pierre-Guillaume de Roux Editions"
"1378","Pika"
"1379","Pika Edition"
"1380","PIRANHA"
"1381","Pix'n love Editions"
"1382","PIXL"
"1383","Place des Victoires"
"1384","Place Victoires/NuéeBleue"
"1385","Planeta Junior"
"1386","Play Bac"
"1387","Plaza & Janes S.A."
"1388","Plg"
"1389","Plon"
"1390","Plume Blanche Editions"
"1391","Pocket"
"1392","Pocket Jeunesse"
"1393","Points"
"1394","POL Editeur"
"1395","Portail"
"1396","Post-Apo Editions"
"1397","Pottermore from J.K. Rowling"
"1398","PPUR"
"1399","Premier Parallèle"
"1400","Presence Africa"
"1401","Présence africaine"
"1402","Présence Africaine - Co-édition NEI"
"1403","Présence Africaine éd."
"1404","Présence Africaine Editions"
"1405","Presque Lune"
"1406","Presse de la cité"
"1407","Presses Aventure"
"1408","Presses Cite"
"1409","Presses de la Cité"
"1410","Presses du Châtelet"
"1411","Presses du Midi"
"1412","Presses du Midi (Les)"
"1413","Presses Pocket"
"1414","Presses Sorbonne Nouvelle"
"1415","Presses universitaire François Rabelais"
"1416","Presses Universitaires de Bordeaux"
"1417","Presses Universitaires de Caen"
"1418","Presses Universitaires de France"
"1419","PRESSES UNIVERSITAIRES DE FRANCE - PUF"
"1420","Presses Universitaires de France (PUF)"
"1421","Presses universitaires de France (réédition numérique FeniXX)"
"1422","Presses Universitaires de Franche-Comté"
"1423","Presses Universitaires de Grenoble (PUG)"
"1424","Presses universitaires de Provence"
"1425","Presses universitaires de Rennes"
"1426","Presses Universitaires de Vincennes"
"1427","Presses Universitaires du Mirail"
"1428","Presses Universitaires du Septentrion"
"1429","Presses universitaires François-Rabelais"
"1430","Presses Universitaires Vincennes"
"1431","Prestel"
"1432","Princeton Architectural Press"
"1433","Privat"
"1434","Privé"
"1435","Procos"
"1436","Promeneur"
"1437","Promopress"
"1438","PU Montréal"
"1439","Pu Ottawa"
"1440","PU Paris-Sorbonne"
"1441","PU Rennes"
"1442","Publ. de l'AMAES"
"1443","Publibook"
"1444","Publications de l'Université de Pau"
"1445","Publications de L'Université de Provence"
"1446","Publications de l'Université de Saint-Étienne"
"1447","Publications de la Sorbonne"
"1448","Publikat Verlags und Handels KG"
"1449","Publishroom"
"1450","Puddle Dancer Press"
"1451","Puits Fleuri"
"1452","PUL"
"1453","Pygmalion"
"1454","Pygmalion Editions"
"1455","Pyramyd"
"1456","PYRAMYD EDITIONS"
"1457","Qilinn"
"1458","Quai Voltaire"
"1459","Quarentena Ediciones"
"1460","Quasar Editions"
"1461","Que Sais Je ? PUF"
"1462","Québecor"
"1463","Quelle Histoire"
"1464","Quintessence"
"1465","R-jeunes adultes"
"1466","Rabelais Editions"
"1467","Racine Lannoo"
"1468","Rackham"
"1469","Rageot"
"1470","Raisons d'agir"
"1471","Ramsay"
"1472","RASSEMBLEMENT A SON IMAGE"
"1473","Ravet-Anceau"
"1474","RAYMOND THIBERGE"
"1475","Rayon de Perle"
"1476","Rebecca Rils"
"1477","Rebelle éditions"
"1478","Rébillard"
"1479","Reclam Philipp Jun."
"1480","Reise Know-How Verlag Peter Rump GmbH"
"1481","Reporters sans frontières"
"1482","Reporters sans Frontières Editions"
"1483","République des Lettres"
"1484","Ressouvenances"
"1485","Retro design"
"1486","Réunion des Musées Nationaux"
"1487","Revue Europe"
"1488","Ring"
"1489","Rivages"
"1490","Rivages poche"
"1491","Riveneuve"
"1492","RMN"
"1493","Robert Laffont"
"1494","Robert Laffont (réédition numérique FeniXX)"
"1495","Rocco"
"1496","Rodopi Bv Editions"
"1497","Rouge et Or"
"1498","Routledge"
"1499","Royal Academy of Arts"
"1500","Rue d'Ulm"
"1501","Rue de l'échiquier"
"1502","Rue de Sèvres"
"1503","Rue du Monde"
"1504","Rustica éditions"
"1505","S. Huré"
"1506","Sabine Wespieser"
"1507","Saint-Léger Editions"
"1508","Salamandra"
"1509","Salvator"
"1510","Salvy"
"1511","Samarlande Diffusion"
"1512","Samji"
"1513","Samji Editions"
"1514","Sand"
"1515","Sans Détour"
"1516","Scheidegger und Spiess AG, Verlag"
"1517","Schiffer Publishing Ltd"
"1518","Schott"
"1519","Schott Musik Intl"
"1520","SciFi-World Medien Verlag"
"1521","Scrineo"
"1522","Sedes"
"1523","Sedes Cdu Revues"
"1524","SEGHERS"
"1525","Séguier"
"1526","SEGUIER (NOUVELLES ED.)"
"1527","Seine"
"1528","Sélection du Reader's Digest"
"1529","Semic"
"1530","Sequoia"
"1531","Serge Safran éditeur"
"1532","Serpent à plumes"
"1533","Seuil"
"1534","Seuil (1 octobre 2004)"
"1535","Seuil (réédition numérique FeniXX)"
"1536","Seuil / Maison européenne de la photographie"
"1537","Sharon Kena"
"1538","Shinshokan."
"1539","Sidh Press"
"1540","Sillage"
"1541","Silvana Editoriale"
"1542","Simon & Schuster Ltd"
"1543","Ska Éditions"
"1544","Skira"
"1545","Slalom"
"1546","Slatkine"
"1547","Slatkine & Cie"
"1548","Slatkine et cie"
"1549","Snoeck"
"1550","Snoeck Verlagsgesellschaft mbH"
"1551","So Lonely So Press"
"1552","Société des études nordiques"
"1553","Société nouvelle des Éditions G.P. Nantes, Impr. moderne"
"1554","Société Nouvelle des Editions Gp, Super 1000, 1964 252 Pages, in-8, Reliure Editeur, Illustrations."
"1555","Societe Nouvelle Presence Africaine"
"1556","Société savoisienne d'histoire et d'archéologie"
"1557","Solar"
"1558","Soleil"
"1559","Soleil Productions"
"1560","Something Else Editions"
"1561","Somogy"
"1562","Somogy éditions d'art"
"1563","Sonatine"
"1564","Sonobook"
"1565","Sonorilon"
"1566","Sophia Publications"
"1567","SOUFFLE D'OR"
"1568","Sous-Sol"
"1569","Sparknotes"
"1570","Spartacus"
"1571","Spatterlight Press"
"1572","Spector Books"
"1573","SPM"
"1574","Springer London Ltd"
"1575","Springer-Verlag New York Inc."
"1576","St Martin's Press"
"1577","Steidl Verlag"
"1578","STEINKIS"
"1579","STFM"
"1580","Stobart Davies Ltd"
"1581","Stock"
"1582","Studiocanal"
"1583","STUDYRAMA"
"1584","Sud Ouest"
"1585","Sulliver"
"1586","SURF SESSION EDITIONS"
"1587","Syros Jeunesse"
"1588","TABOU"
"1589","Tabou BD"
"1590","Tabou Editions"
"1591","Taifu"
"1592","Taifu Comics"
"1593","Take your chance"
"1594","Tallandier"
"1595","Tana"
"1596","Tapages Nocturnes"
"1597","Taschen"
"1598","TASCHEN FRANCE"
"1599","Taschen GmbH"
"1600","Tate Publishing"
"1601","TDO Editions"
"1602","Tectum"
"1603","Tektime"
"1604","Temps actuels"
"1605","Tempus Perrin"
"1606","teNeues Media GmbH & Co. KG"
"1607","Terra Mare"
"1608","TERRE EN VUE EDITIONS"
"1609","Textuel"
"1610","Thalia Edition"
"1611","Thames & Hudson"
"1612","Thames & Hudson Ltd"
"1613","THELEME EDITION"
"1614","Thierry Souccar"
"1615","Thriller Editions"
"1616","Tind éditions"
"1617","Tishina Editions"
"1618","Tokebi"
"1619","Tonkam"
"1620","Tor Books"
"1621","Tourbillon"
"1622","Trajectoire"
"1623","Travaux d'humanisme et Renaissance"
"1624","TRIANGLE POSTALS"
"1625","Tribord"
"1626","Tristram"
"1627","Tristram Editions"
"1628","Troisième Œil"
"1629","Tusquets Editores"
"1630","Tutti Frutti Editions"
"1631","Tuttle Publishing"
"1632","UGA Éditions"
"1633","Ulisse"
"1634","Ulisse Editions"
"1635","Ulmer"
"1636","Un monde different"
"1637","Univ Européenne"
"1638","Univ of Ottawa Pr"
"1639","Universitas"
"1640","Université de Paris-Sorbonne"
"1641","UPJV"
"1642","Urban Comics"
"1643","URBAN COMICS PRESSE"
"1644","Urban Presse"
"1645","Usa"
"1646","USA Editions"
"1647","Usborne"
"1648","Utovie"
"1649","V. Retaux et fils"
"1650","Valor"
"1651","Value Proprietary"
"1652","Van de Velde"
"1653","Véga"
"1654","VENDEMIAIRE"
"1655","Vent des savanes"
"1656","VENTS D'OUEST"
"1657","Verdier"
"1658","Verlag der Buchhandlung Walther Konig"
"1659","Verlagsgruppe Random House GmbH"
"1660","Versilio"
"1661","Verticales"
"1662","Vertige Graphic"
"1663","Victoires Editions"
"1664","Victor Attincer, Neuchatel/Paris"
"1665","Vigot"
"1666","Vigot Maloine"
"1667","Village Mondial"
"1668","VINCENT DEL REY"
"1669","Vintage"
"1670","Vitra Design Museum"
"1671","Viviane Hamy"
"1672","Viz Media"
"1673","Viz Media (20 July 2005)"
"1674","Viz Media (30 Sept. 2004)"
"1675","Viz Media (Dec. 2003)"
"1676","Viz Media (May 2004)"
"1677","VIZ Media LLC"
"1678","Viz Media; 1 edition (13 Mar. 2007)"
"1679","Volonté & Co"
"1680","Vrin"
"1681","VUIBERT"
"1682","Walrus"
"1683","Warner Home Vidéo"
"1684","WARTBERG"
"1685","WARUM EDITIONS"
"1686","Watchprint.Com"
"1687","Wetta"
"1688","William Blake And Co"
"1689","Wizards Of The Coast"
"1690","Wizards of the Coast; Brdbk edition (2012-02-16)"
"1691","Wonderland press"
"1692","Workman Publishing Company; 2 edition (1987-01-11)"
"1693","Xavier Barral"
"1694","Xenia Editions"
"1695","XO"
"1696","Ynnis Edition"
"1697","You Feng"
"1698","YPYPYP"
"1699","Ysec Editions"
"1700","Zéphyr Editions"
"1701","Zodiaque"
"1702","Zones"
"1703","Zulma"
