"filmID","id_allocine","titre_fr","titre_VO","synopsis","poster"
"1","1628","Le Parrain","The Godfather","En 1945, à New York, les Corleone sont une des cinq familles de la mafia. Don Vito Corleone marie sa fille à un bookmaker. Sollozzo, parrain de la famille Tattaglia, propose à Don Vito une association dans le trafic de drogue...","http://fr.web.img4.acsta.net/medias/nmedia/18/35/57/73/18660716.jpg"
"2","115362","The Dark Knight, Le Chevalier Noir","The Dark Knight","Batman entreprend de démanteler les dernières organisations criminelles de Gotham. Mais il se heurte bientôt à un nouveau génie du crime qui répand la terreur et le chaos dans la ville : le Joker...","http://fr.web.img2.acsta.net/medias/nmedia/18/63/97/89/18949761.jpg"
"3","9393","La Liste de Schindler","Schindler's List","Evocation des années de guerre d'Oskar Schindler, industriel autrichien rentré à Cracovie en 1939 avec les troupes allemandes. Il va, tout au long de la guerre, protéger des juifs en les faisant travailler dans sa fabrique.","http://images.allocine.fr/medias/nmedia/18/66/03/76/18979736.jpg"
"4","10126","Pulp Fiction","Pulp Fiction","L'odyssée sanglante et burlesque de petits malfrats dans la jungle de Hollywood à travers trois histoires qui s'entremêlent.","http://fr.web.img4.acsta.net/medias/nmedia/18/36/02/52/18846059.jpg"
"5","39187","Le Seigneur des anneaux : le retour du roi","The Lord of the Rings: The Return of the King","Tandis que les ténèbres se répandent sur la Terre du Milieu, Aragorn se révèle être l'héritier caché des rois antiques. Quant à Frodon, toujours tenté par l'Anneau, il voyage à travers les contrées ennemies, se reposant sur Sam et Gollum...","http://fr.web.img3.acsta.net/medias/nmedia/18/35/14/33/18366630.jpg"
"6","19395","Le Bon, la brute et le truand","Il Buono, il brutto, il cattivo","Pendant la Guerre de Sécession, Tuco, Joe et Setenza, trois hommes préférant s'intéresser à leur profit personnel, se lancent à la recherche d'un coffre contenant 200 000 dollars en pièces d'or volés à l'armée sudiste. Chacun a besoin de l'autre...","http://fr.web.img2.acsta.net/pictures/14/09/23/10/28/237103.jpg"
"7","21189","Fight Club","Fight Club","Le narrateur, vit seul, travaille seul, dort seul, comme beaucoup d'autres personnes seules qui connaissent la misère morale et sexuelle. C'est pourquoi il va devenir membre du Fight club, un lieu clandestin dirigé par Tyler Durden, anarchiste entre gourou et philosophe.","http://fr.web.img6.acsta.net/pictures/17/04/27/09/53/033024.jpg"
"8","10568","Forrest Gump","Forrest Gump","Quelques décennies d'histoire américaine, des années 1940 à la fin du XXème siècle, à travers le regard et l'étrange odyssée d'un homme simple et pur, Forrest Gump.","http://images.allocine.fr/pictures/15/10/13/15/12/514297.jpg"
"9","25802","Star Wars : Episode V - L'Empire contre-attaque","Star Wars: Episode V - The Empire Strikes Back","Malgré la destruction de l'Etoile Noire, l'Empire maintient son emprise sur la galaxie, et poursuit sans relâche sa lutte contre l'Alliance rebelle. Basés sur la planète glacée de Hoth, les rebelles essuient un assaut des troupes impériales...","http://images.allocine.fr/medias/nmedia/00/02/44/28/empire.jpg"
"10","143692","Inception","Inception","Au lieu de subtiliser un rêve, un voleur expérimenté et son équipe doivent faire l'inverse : implanter une idée dans l'esprit d'un individu. S'ils y parviennent, il pourrait s'agir du crime parfait ...","http://fr.web.img2.acsta.net/medias/nmedia/18/72/34/14/19476654.jpg"
"11","39186","Le Seigneur des anneaux : les deux tours","The Lord of the Rings: The Two Towers","Frodon Sacquet, le Hobbit, doit braver de terribles dangers pour tenter de détruire l'Anneau Unique, convoité par Sauron, le Seigneur des ténèbres. De leur côté, Gimli, Legolas et Aragorn doivent sauver Pippin et Merry, capturés par les Orques...","http://fr.web.img1.acsta.net/medias/nmedia/00/02/54/95/affiche2.jpg"
"12","2072","Vol au-dessus d'un nid de coucou","One Flew Over the Cuckoo's Nest","Rebellion dans un hôpital psychiatrique à l'instigation d'un malade qui se révolte contre la dureté d'une infirmière.","http://fr.web.img4.acsta.net/medias/nmedia/00/02/55/99/affiche.jpg"
"13","5969","Les Affranchis","Goodfellas","Depuis sa plus tendre enfance, Henry Hill, né d'un père irlandais et d'une mère sicilienne, veut devenir gangster et appartenir à la Mafia. Adolescent dans les années cinquante, il commence par travailler pour le compte de Paul Cicero...","http://images.allocine.fr/medias/nmedia/00/02/56/92/aff.jpg"
"14","19776","Matrix","The Matrix","Programmeur anonyme, Thomas Anderson est aussi l'un des pirates les plus recherchés du cyber-space. Il est contacté par un certain Morpheus. Ensemble, ils se lancent dans une lutte sans retour contre la Matrice et ses terribles agents...","http://fr.web.img6.acsta.net/medias/04/34/49/043449_af.jpg"
"15","245046","Otages à Entebbe","7 Days In Entebbe"," Une nouvelle adaptation du raid d'Entebbe, au cours duquel deux Palestiniens et deux Allemands ont pris un avion en otage et l'ont détourné vers Entebbe (Ouganda). Sur place, ils ont demandé la libération de douzaines de Palestiniens et de prisonniers pro-Palestiniens.","http://fr.web.img3.acsta.net/pictures/17/12/07/15/29/2997753.jpg"
"16","6641","Le Silence des agneaux","The Silence of the Lambs","Clarice Starling, jeune stagiaire du FBI, est désignée pour enquêter sur une série de meurtres épouvantables commis dans le Middle West par un tueur de femmes psychopathe connu sous le nom de Buffalo Bill.","http://fr.web.img4.acsta.net/medias/nmedia/00/02/56/93/aff.jpg"
"17","5762","La Vie est belle","It's a Wonderful Life","Le décès de son père oblige un homme à reprendre l'entreprise familiale de prêts à la construction, qui permet aux plus déshérités de se loger. Il entre en conflit avec l'homme le plus riche de la ville, qui tente de ruiner ses efforts...","http://fr.web.img2.acsta.net/pictures/14/11/25/12/09/240011.jpg"
"18","12837","Usual Suspects","The Usual Suspects","Une légende du crime contraint cinq malfrats à aller s'acquitter d'une tâche très périlleuse. Ceux qui survivent pourront se partager un butin de 91 millions de dollars.","http://fr.web.img2.acsta.net/medias/nmedia/00/02/29/04/69199504_af.jpg"
"19","1453","Le Crime de l'Orient-Express","Murder on the Orient Express","Dans l'Orient Express qui conduit ses passagers de Turquie en Europe occidentale, un homme au passé mystérieux, Ratchett, est brutalement assassiné d'une dizaine de coups de couteaux. Le célèbre détective Hercule Poirot, en examinant les faits, suppose que le meurtrier se cache encore parmi les passagers...","http://images.allocine.fr/pictures/14/08/14/15/42/182502.jpg"
"20","18598","Il faut sauver le soldat Ryan","Saving Private Ryan","Alors que les forces alliées débarquent à Omaha Beach, Miller doit conduire son escouade derrière les lignes ennemies pour une mission particulièrement dangereuse : trouver et ramener sain et sauf le simple soldat James Ryan, dont les trois frères sont morts au combat en l'espace de trois jours. Pendant...","http://fr.web.img2.acsta.net/medias/04/22/53/042253_af.jpg"
"21","37485","Le Voyage de Chihiro","Sen to Chihiro no Kamikakushi","Chihiro, une fillette capricieuse, s'apprête à emménager avec ses parents dans une nouvelle demeure. La petite famille se retrouve bientôt dans une ville fantôme et les parents se transforment en cochons. Chihiro va tenter de leur porter secours.","http://fr.web.img1.acsta.net/medias/nmedia/00/02/36/71/chihiro.jpg"
"22","12475","American History X","American History X","Derek veut venger la mort de son père, abattu par un dealer noir, et épouse les thèses racistes d'un groupuscule de militants d'extrême droite. Ces théories le mèneront à commettre un double meurtre...","http://fr.web.img2.acsta.net/medias/03/26/20/032620_af.jpg"
"23","114782","Interstellar","Interstellar","Le film raconte les aventures d'un groupe d'explorateurs qui utilisent une faille récemment découverte dans l'espace-temps afin de repousser les limites humaines et partir à la conquête des distances astronomiques dans un voyage interstellaire. ","http://fr.web.img1.acsta.net/pictures/14/09/24/12/08/158828.jpg"
"24","22779","La Ligne verte","The Green Mile","Paul Edgecomb, Gardien-chef du pénitencier de Cold Mountain en 1935, était chargé de veiller au bon déroulement des exécutions capitales. Parmi les prisonniers se trouvait un colosse du nom de John Coffey...","http://fr.web.img4.acsta.net/medias/nmedia/18/66/15/78/19254683.jpg"
"25","1603","Psychose","Psycho","Une jeune femme en fuite trouve refuge dans un motel isolé...","http://fr.web.img2.acsta.net/medias/nmedia/18/35/44/77/18672162.jpg"
"26","2645","Casablanca","Casablanca","A Casablanca, pendant la Seconde Guerre mondiale, le night-club le plus couru de la ville est tenu par Rick, un Américain en exil. Mais l'établissement sert aussi de refuge à ceux qui veulent se procurer les papiers nécessaires pour quitter le pays.","http://fr.web.img6.acsta.net/medias/nmedia/18/64/83/80/20247449.jpg"
"27","182745","Intouchables","Intouchables","La rencontre improbable, touchante et drôle entre un riche aristocrate, tétraplégique depuis un accident de parapente, et un jeune de banlieue engagé par hasard pour être son aide à domicile...","http://fr.web.img1.acsta.net/medias/nmedia/18/82/69/17/19806656.jpg"
"28","1832","Les Temps modernes","Modern Times","Charlot est ouvrier dans une gigantesque usine. Il resserre quotidiennement des boulons. Mais les machines, le travail à la chaîne le rendent malade, il abandonne son poste, recueille une jeune fille et vit d'expédients.","http://fr.web.img1.acsta.net/medias/nmedia/18/35/07/94/affiche2.jpg"
"29","121","Les Aventuriers de l'Arche perdue","Raiders of the Lost Ark","1936. L'aventurier Indiana Jones est mandaté pour mettre la main sur le médaillon de Râ, qui serait le premier pas sur le chemin de l'Arche d'Alliance, celle-là même où Moïse conserva les Dix Commandements. Une pièce dont Hitler cherche aussi à s'emparer.","http://images.allocine.fr/medias/nmedia/00/02/49/18/affiche.jpg"
"30","28359","Le Pianiste","The Pianist","Durant la Seconde Guerre mondiale, Wladyslaw Szpilman, un pianiste juif polonais, est interné dans le ghetto de Varsovie dont il partage les souffrances, les humiliations et les luttes héroïques. Un officier allemand l'aide et lui permet de survivre.","http://fr.web.img3.acsta.net/medias/nmedia/00/02/46/23/affiche.jpg"
"31","7124","Terminator 2 : le Jugement Dernier 3D","Terminator 2 : Judgement Day","En 1995, dix ans après leur échec pour éliminer Sarah Connor, les machines de Skynet envoient le cyborg tueur T-1000 pour éliminer son fils John Connor, futur chef de la résistance humaine. Un autre robot, le T-800, est chargé de le protéger...","http://fr.web.img2.acsta.net/pictures/17/08/07/10/04/465072.jpg"
"32","448","Retour vers le futur","Back to the Future","1985. Le jeune Marty McFly mène une existence anonyme auprès de sa petite amie Jennifer, seulement troublée par sa famille en crise et un proviseur qui serait ravi de l'expulser du lycée. Ami de l'excentrique professeur Emmett Brown, il l'accompagne un soir tester sa nouvelle expérience : le voyage dans...","http://fr.web.img2.acsta.net/medias/nmedia/18/35/91/26/18686482.jpg"
"33","225953","Whiplash","Whiplash","Andrew, 19 ans, rêve de devenir l'un des meilleurs batteurs de jazz de sa génération. Mais la concurrence est rude au conservatoire de Manhattan où il s'entraîne avec acharnement...","http://fr.web.img2.acsta.net/pictures/14/09/26/17/53/345974.jpg"
"34","24944","Gladiator","Gladiator","Le général romain Maximus est le plus fidèle soutien de l'empereur Marc Aurèle, qu'il a conduit de victoire en victoire avec une bravoure et un dévouement exemplaires. Jaloux du prestige de Maximus, et plus encore de l'amour que lui voue l'empereur, le fils de MarcAurèle, Commode, s'arroge brutalement...","http://fr.web.img1.acsta.net/medias/nmedia/18/68/64/41/19254510.jpg"
"35","108998","Le Prestige","The Prestige","Londres, au début du siècle dernier... Robert Angier et Alfred Borden sont deux magiciens surdoués, promis dès leur plus jeune âge à un glorieux avenir. L'émulation tournera vite à la jalousie, puis à la haine...","http://images.allocine.fr/medias/nmedia/18/62/84/94/18680369.jpg"
"36","10862","Le Roi Lion","The Lion King","Le long combat de Simba le lionceau pour accéder à son rang de roi des animaux, après que le fourbe Scar, son oncle, a tué son père et pris sa place.","http://fr.web.img6.acsta.net/medias/nmedia/18/85/97/82/19858447.jpg"
"37","25744","Memento","Memento","Leonard n'a qu'une idée en tête : traquer l'homme qui a violé et assassiné sa femme afin de se venger. Sa recherche du meurtrier est rendue plus difficile par le fait qu'il souffre d'une forme rare et incurable d'amnésie...","http://fr.web.img2.acsta.net/medias/nmedia/18/36/06/10/18449315.jpg"
"38","27061","Apocalypse Now","Apocalypse Now","Cloîtré dans une chambre d'hôtel de Saïgon, le jeune capitaine Willard, mal rasé et imbibé d'alcool, est sorti de sa prostration par une convocation de l'état-major américain. Le général Corman lui confie une mission qui doit rester secrète : éliminer le colonel Kurtz, un militaire aux méthodes quelque peu expéditives...","http://fr.web.img4.acsta.net/medias/nmedia/18/63/13/18/18858841.jpg"
"39","2253","Le Dictateur","The Great Dictator","Dans le ghetto juif vit un petit barbier qui ressemble énormément à Adenoid Hynkel, le dictateur de Tomania qui a décidé l'extermination du peuple juif. Le barbier est bientôt arrêté en compagnie de Schultz, un farouche adversaire d'Hynkel...","http://fr.web.img5.acsta.net/medias/nmedia/00/02/53/58/affiche2.jpg"
"40","680","Docteur Folamour","Dr. Strangelove or : How I Learned to Stop Worrying and Love the Bomb","Le général Jack Ripper, convaincu que les Russes ont décidé d'empoisonner l'eau potable des États-Unis, lance sur l'URSS une offensive de bombardiers B-52 en ayant pris soin d'isoler la base aérienne de Burpelson du reste du monde.","http://images.allocine.fr/medias/nmedia/18/35/24/12/18376604.jpg"
"41","213698","Une autre vie","Une autre vie","Jean, électricien, pose des alarmes dans des demeures du sud de la France. Il y rencontre Aurore, célèbre pianiste. Malgré leurs différences, ils tombent immédiatement amoureux l'un de l'autre et envisagent ensemble une autre vie.","http://fr.web.img2.acsta.net/pictures/210/610/21061090_20131126160114082.jpg"
"42","10251","Le Tombeau des lucioles","Hotaru No Haka","Japon, été 1945. Après le bombardement de Kobé, Seita, un adolescent de quatorze ans et sa petite soeur de quatre ans, Setsuko, orphelins, vont s'installer chez leur tante à quelques dizaines de kilomètres de chez eux. Celle-ci leur fait comprendre qu'ils sont une gêne pour la famille et doivent mériter...","http://fr.web.img1.acsta.net/medias/nmedia/18/60/08/31/19079741.jpg"
"43","4499","Les Sentiers de la gloire","Paths of Glory","Durant la Première Guerre mondiale, le général français Mireau lance une offensive suicidaire contre une position allemande imprenable. Au moment de l'attaque, les soldats tombent par dizaines et leurs compagnons refusent d'avancer...","http://fr.web.img6.acsta.net/medias/nmedia/18/35/35/59/19658149.jpg"
"44","190918","Django Unchained","Django Unchained","Le parcours d'un chasseur de prime allemand et d'un homme noir pour retrouver la femme de ce dernier retenue en esclavage par le propriétaire d'une plantation...","http://fr.web.img6.acsta.net/medias/nmedia/18/90/08/59/20366454.jpg"
"45","863","Shining","The Shining","Jack Torrance, gardien d'un hôtel fermé l'hiver, sa femme et son fils Danny s'apprêtent à vivre de longs mois de solitude. Danny, qui possède un don de médium, le Shining, est effrayé à l'idée d'habiter ce lieu, théâtre marqué par de terribles évènements passés...","http://fr.web.img1.acsta.net/medias/nmedia/18/64/98/65/18816792.jpg"
"46","123734","Wall-E","WALL?E","L'histoire d'un petit robot nommé WALL?E, à la recherche du grand amour sur Terre... et dans l'espace !","http://fr.web.img3.acsta.net/medias/nmedia/18/63/93/01/18948378.jpg"
"47","197686","Blade Runner 2049","Blade Runner 2049","En 2049, la société est fragilisée par les nombreuses tensions entre les humains et leurs esclaves créés par bioingénierie. L'officier K est un Blade Runner : il fait partie d'une force d'intervention d'élite chargée de trouver et d'éliminer ceux qui n'obéissent pas aux ordres des humains.","http://fr.web.img4.acsta.net/pictures/17/08/24/15/18/597734.jpg"
"48","21946","American Beauty","American Beauty","Une maison de rêve, un pavillon bourgeois discrètement cossu dissimule dans une banlieue résidentielle, c'est ici que résident Lester Burnhamm, sa femme Carolyn et leur fille Jane. L'agitation du monde et sa violence semblent bien loin ici. Mais derrière cette respectable façade se tisse une étrange...","http://fr.web.img5.acsta.net/pictures/17/10/16/09/11/4895035.jpg"
"49","132874","The Dark Knight Rises","The Dark Knight Rises","Il y a huit ans, Batman a disparu dans la nuit : lui qui était un héros est alors devenu un fugitif. Mais l'arrivée à Gotham de Bane, terroriste masqué, risque d'arracher Bruce à l'exil qu'il s'est imposé. Pourtant, Batman n'est peut-être plus de taille à affronter Bane?","http://images.allocine.fr/medias/nmedia/18/83/56/27/20158098.jpg"
"50","54137","Old Boy","Oldeuboi","Fin des années 80. Un père de famille est enlevé sans raison et séquestré dans une cellule. Il apprend par la télévision de sa cellule qu'il est accusé du meurtre de sa femme.  Relâché 15 ans plus tard, il est contacté par celui qui l'avait enlevé.","http://images.allocine.fr/medias/nmedia/18/35/24/25/18383433.jpg"
"51","2167","Aliens le retour","Aliens","Après 57 ans de dérive dans l'espace, Ellen Ripley est secourue par la corporation Weyland-Yutani. Après la disparition de colons sur la planète LV-426, elle décide d'accompagner une escouade de marines dans leur mission de sauvetage...","http://images.allocine.fr/pictures/17/06/29/12/12/066392.jpg"
"52","251273","Dangal","Dangal",NULL,"http://fr.web.img1.acsta.net/pictures/16/12/16/16/37/089198.jpg"
"53","4616","Le Bateau","Das Boot","Pendant la deuxième Guerre Mondiale, 40 000 sous-mariniers allemands envoyés par Hitler embarquent pour une mission de routine dans l'Atlantique Nord. L'insouciance règne à bord. Ce qu'ils ne savent pas, c'est que seuls 10 000 hommes retourneront chez eux vivants.","http://fr.web.img6.acsta.net/medias/nmedia/18/35/24/10/18376591.jpg"
"54","857","Citizen Kane","Citizen Kane","A la mort du milliardaire Charles Foster Kane, un grand magnat de la presse, Thompson, un reporter, enquête sur sa vie. Les contacts qu'il prend avec ses proches lui font découvrir un personnage gigantesque, mégalomane, égoïste et solitaire.","http://fr.web.img3.acsta.net/medias/nmedia/00/02/56/56/aff.jpg"
"55","980","Sueurs froides","Vertigo","Rendu responsable de la mort d'un collègue, Scottie, sujet au vertige, quitte la police. Une ancienne relation le contacte afin qu'il suive son épouse, possédée selon lui par l'esprit de son aïeule. Scottie s'éprend bientôt de la jeune femme.","http://fr.web.img1.acsta.net/medias/nmedia/00/02/56/87/aff.jpg"
"56","531","La Mort aux trousses","North by Northwest","Le publiciste Roger Tornhill se retrouve par erreur dans la peau d'un espion. Pris entre une mystérieuse organisation qui cherche à le supprimer et la police qui le poursuit, Tornhill est dans une situation bien inconfortable.","http://fr.web.img1.acsta.net/pictures/14/05/19/09/52/511446.jpg"
"57","25803","Star Wars : Episode VI - Le Retour du Jedi","Star Wars: Episode VI - Return of the Jedi","L'Empire galactique est plus puissant que jamais : la construction de la nouvelle arme, l'Etoile de la Mort, menace l'univers tout entier...","http://images.allocine.fr/medias/nmedia/18/35/41/62/18422602.jpg"
"58","10080","Braveheart","Braveheart","Evocation de la vie tumultueuse de William Wallace, héros et symbole de l'indépendance écossaise, qui à la fin du XIIIe siècle affronta les troupes du roi d'Angleterre Edward I qui venaient d'envahir son pays.","http://fr.web.img4.acsta.net/medias/nmedia/18/73/51/89/19209164.jpg"
"59","7524","Reservoir Dogs","Reservoir Dogs","Après un hold-up manqué, des cambrioleurs de haut vol font leurs comptes dans une confrontation violente, pour découvrir lequel d'entre eux les a trahis.","http://fr.web.img6.acsta.net/medias/nmedia/18/35/49/60/18869530.jpg"
"60","418","M le Maudit","M","Toute la presse ne parle que de ça : le maniaque tueur d'enfants, qui terrorise la ville depuis quelques temps, vient de faire une nouvelle victime. Chargé de l'enquête, le commissaire Lohmann multiplie les rafles dans les bas-fonds.","http://fr.web.img1.acsta.net/pictures/17/12/05/12/20/4542669.jpg"
"61","147116","Taare Zameen Par","Taare Zameen Par",NULL,"http://fr.web.img6.acsta.net/medias/nmedia/18/71/55/10/19137720.jpg"
"62","252439","Call Me By Your Name","Call Me By Your Name","Été 1983. Elio Perlman, 17 ans, passe ses vacances dans la villa du XVIIe siècle que possède sa famille en Italie, à jouer de la musique classique, à lire et à flirter avec son amie Marzia. Son père, éminent professeur spécialiste de la culture gréco-romaine, et sa mère, traductrice, lui ont donné une excellente éducation, et il est proche de ses parents. ","http://images.allocine.fr/pictures/17/11/28/11/30/4228973.jpg"
"63","4749","Lawrence d'Arabie","Lawrence of Arabia","Le destin hors du commun de l'officier britannique T. E. Lawrence, qui mena la révolte arabe contre l'occupant turc au cours de la Première Guerre mondiale. Adapté des Sept Piliers de la sagesse, son récit autobiographique.","http://fr.web.img3.acsta.net/medias/nmedia/00/02/56/04/affiche.jpg"
"64","105","Assurance sur la mort","Double Indemnity","Walter Neff, un employé d'une compagnie d'assurances, tombe amoureux de sa cliente Phyllis Dietrichson qui réussit à le convaincre d'échafauder avec elle un plan pour supprimer son mari encombrant et violent et ainsi partager avec elle l'assurance-vie de ce dernier.","http://fr.web.img5.acsta.net/pictures/17/12/13/12/20/3199094.jpg"
"65","67","Amadeus","Amadeus","Au XVIIIe siècle, à Vienne, Antonio Salieri, le compositeur attitré de l'empereur mélomane Joseph II, tente d'acquérir la gloire éternelle. Pour ce faire, il doit évincer Wolfgang Amadeus Mozart, son rival dont il admire le profond génie.","http://fr.web.img6.acsta.net/medias/nmedia/18/35/90/78/18686561.jpg"
"66","40191","Eternal Sunshine of the Spotless Mind","Eternal Sunshine of the Spotless Mind","Joel et Clementine ne voient plus que les mauvais côtés de leur tumultueuse histoire d'amour. Joel contacte le Dr. Mierzwiak pour qu'il extirpe de sa mémoire tout ce qui le rattachait à Clementine. Les souvenirs commencent à défiler...","http://fr.web.img5.acsta.net/medias/nmedia/18/35/40/09/19253739.jpg"
"67","308","Taxi Driver","Taxi Driver","Vétéran de la Guerre du Vietnam, Travis Bickle est chauffeur de taxi dans la ville de New York. Ses rencontres dans le monde de la nuit, la violence quotidienne qu'il croise lui font peu à peu perdre la tête.","http://fr.web.img4.acsta.net/pictures/16/08/04/15/27/495536.jpg"
"68","42792","Du silence et des ombres","To Kill a Mockingbird","Dans une petite ville d'Alabama, au moment de la Grande Dépression, Atticus Finch élève seul ses deux enfants, Jem et Scout. Avocat intègre et rigoureux, il est commis d'office pour défendre un homme noir injustement accusé de viol...","http://fr.web.img1.acsta.net/pictures/17/01/19/11/57/026172.jpg"
"69","2749","Full Metal Jacket","Full Metal Jacket","Pendant la guerre du Viêt Nam, la préparation et l'entrainement d'un groupe de jeunes marines, jusqu'au terrible baptême du feu et la sanglante offensive du T?t à Hu?, en 1968.","http://fr.web.img5.acsta.net/medias/nmedia/18/65/57/12/19254508.jpg"
"70","5120","Chantons sous la pluie","Singin' in the Rain","Don Lockwood et Lina Lemont sont le couple star du moment à Hollywood. Mais lorsque le parlant arrive, la voix de crécelle de Lina menace la carrière du duo...","http://fr.web.img5.acsta.net/medias/nmedia/00/02/55/94/affiche.jpg"
"71","14264","Toy Story","Toy Story","Quand Andy quitte sa chambre, ses jouets se mettent à mener leur propre vie sous la houlette du cowboy Woody. Débarque alors Buzz l'éclair, intrépide aventurier de l'espace venu d'une lointaine galaxie, qui va semer la zizanie dans ce petit monde.","http://fr.web.img3.acsta.net/medias/nmedia/18/64/42/87/18778479.jpg"
"72","176535","3 Idiots","3 Idiots",NULL,"http://fr.web.img2.acsta.net/medias/nmedia/18/73/77/72/19215651.jpg"
"73","33353","L'Arnaque","The Sting","A Chicago, en 1936, Hooker et son acolyte Coleman volent sans le savoir Doyle Lonnegan, un dangereux gangster de New York. Coleman est aussitôt abattu par le gang de ce dernier et Hooker se réfugie chez Gondorff, un spécialiste de l'arnaque...","http://fr.web.img1.acsta.net/pictures/14/03/17/11/45/460143.jpg"
"74","126123","Toy Story 3","Toy Story 3","Woody le cowboy, Buzz l'Eclair et les autres jouets se retrouvent confrontés à ce qui devait bien arriver un jour : le départ d'Andy pour l'université...","http://fr.web.img1.acsta.net/medias/nmedia/18/63/96/06/19415330.jpg"
"75","60208","Inglourious Basterds","Inglourious Basterds","Dans la France occupée de 1940, Shosanna assiste à l'exécution de sa famille tombée entre les mains d'un colonel nazi. Au même moment, le lieutenant Raine forme un groupe de soldats juifs américains pour mener des actions punitives contre les nazis.","http://fr.web.img2.acsta.net/medias/nmedia/18/70/45/22/19123474.jpg"
"76","240850","Dunkerque","Dunkirk","Le récit de la fameuse évacuation des troupes alliées de Dunkerque en mai 1940.","http://images.allocine.fr/pictures/17/06/15/14/31/266314.jpg"
"77","2570","Le Voleur de bicyclette","Ladri di biciclette","Chômeur depuis deux ans, Antonio trouve un emploi de colleur d'affiches, mais il se fait voler sa bicyclette, outil indispensable dans le cadre de son nouveau métier.","http://fr.web.img2.acsta.net/pictures/15/11/09/08/58/360056.jpg"
"78","2255","Le Kid","The Kid","Un pauvre vitrier recueille un enfant abandonné par sa mère victime d'un séducteur. L'enfant casse des carreaux pour aider son père adoptif, qui l'arrache à des dames patronnesses, puis le rend à sa mere, devenue riche.","http://fr.web.img5.acsta.net/medias/nmedia/18/64/53/35/19254748.jpg"
"79","363","Will Hunting","Good Will Hunting","Will Hunting est un authentique génie mais également un rebelle aux élans imprévisibles. Il est né dans le quartier populaire de South Boston et a arrêté très tôt ses études, refusant le brillant avenir que pouvait lui procurer son intelligence. Il vit désormais entouré d'une bande de copains et passe...","http://images.allocine.fr/medias/00/05/30/000530_af.jpg"
"80","3243","La Chasse","La caza","Trois amis, José, Paco, Luis, se retrouvent dans la propriété de José pour chasser le lapin. Enrique, jeune homme d'une vingtaine d'années, les accompagne pour sa première partie de chasse. Juan, un vieux fermier estropié, et sa fille Carmen gardent le domaine et servent Don José.","http://images.allocine.fr/pictures/210/296/21029684_20130821122402212.jpg"
"81","929","Et pour quelques dollars de plus","Per qualche dollari di piu","Le colonel Douglas Mortimer collabore avec un chasseur de primes surnommé L'Etranger. Tous les deux souhaitent capturer Indio, un tueur fou, qui sème la terreur autour de lui.","http://images.allocine.fr/medias/nmedia/18/64/43/31/19182254.jpg"
"82","12032","L.A. Confidential","L.A. Confidential","Los Angeles, années 50. Alors que la ville est sujette à une vague de règlements de comptes après la chute du caïd Mickey Cohen, la police criminelle se mobilise toute entière sur l'affaire de L'Oiseau de nuit, un massacre au cours duquel est tombé un ancien flic. Trois inspecteurs au style radicalement...","http://fr.web.img2.acsta.net/medias/03/18/19/031819_af.jpg"
"83","227932","Scarface","Scarface","Un remake du film de Brian de Palma réalisé en 1983.","http://images.allocine.fr/commons/emptymedia/AffichetteAllocine.gif"
"84","240","Metropolis","Metropolis","Des ouvriers travaillent dans les souterrains d'une fabuleuse métropole de l'an 2026. Ils assurent le bonheur des nantis qui vivent dans les jardins suspendus de la ville. Un androïde mène les ouvriers vers la révolte.","http://fr.web.img1.acsta.net/medias/nmedia/18/35/90/95/19828885.jpg"
"85","231088","Ma mère et mon père (Annem ve Babam)","Ma mère et mon père (Annem ve Babam)","Gülperi et Hasan, français d'origine turque, ont émigré de la Turquie vers la France dans les années 1970. A travers un retour sur leurs différents lieux de vie et de migration, nous découvrons les chemins qu'ils ont empruntés, les difficultés qu'ils ont rencontrés en Turquie et en France, ainsi que les raisons qui les ont poussées à émigrer.","http://fr.web.img3.acsta.net/pictures/15/02/25/14/11/301612.jpg"
"86","33286","Le Garde du corps","Le Garde du corps","Fils d'une directrice d'agence matrimoniale, Paul, modeste comptable, tombe amoureux de Barbara, journaliste qui doit épouser un propriétaire d'une réserve animalière. Lorsque Paul découvre que les deux précédentes femmes de ce dernier sont décédées dans des conditions étranges, il décide de tout faire...","http://images.allocine.fr/medias/nmedia/18/73/38/55/19200549.jpg"
"87","190774","L'Enfant d'en Haut","L'Enfant d'en Haut","Simon, 12 ans, emprunte l'hiver venu la petite télécabine qui relie la plaine industrielle où il vit seul avec sa s?ur Louise, à l'opulente station de ski qui la surplombe. Là-haut, il vole les skis et l'équipement des riches touristes qu'il revend ensuite aux enfants de son immeuble...","http://images.allocine.fr/medias/nmedia/18/89/45/01/20051518.jpg"
"88","51013","Batman Begins","Batman Begins","Comment un homme seul peut-il changer le monde ? Telle est la question qui hante Bruce Wayne depuis cette nuit tragique où ses parents furent abattus sous ses yeux. Il décide de fuir Gotham City pour un long et discret voyage à travers le monde...","http://images.allocine.fr/medias/nmedia/18/35/23/40/18431141.jpg"
"89","26186","Certains l'aiment chaud","Some Like It Hot","Deux musiciens de jazz au chômage, mêlés involontairement à un règlement de comptes entre gangsters, se transforment en musiciennes pour leur échapper. Ils partent en Floride avec un orchestre féminin. Ils tombent amoureux d'une ravissante créature.","http://images.allocine.fr/medias/nmedia/18/36/14/53/18455756.jpg"
"90","7663","Impitoyable","Unforgiven","Kansas 1880. William Munny, redoutable hors-la-loi reconverti dans l'élevage va, à la demande d'un jeune tueur, reprendre du service pour venger une prostituée défigurée par un cow-boy sadique.","http://fr.web.img5.acsta.net/pictures/17/06/08/15/03/455505.jpg"
"91","58349","La Chute","Der Untergang","Berlin, avril 1945. Le IIIe Reich agonise. Les combats font rage dans les rues de la capitale. Tandis qu'à l'extérieur la situation se dégrade, Hitler vit ses dernières heures et la chute du régime.","http://fr.web.img2.acsta.net/medias/nmedia/18/35/49/26/18399772.jpg"
"92","950","Raging Bull","Raging Bull","La carrière éblouissante du boxeur Jake La Motta. Une ascension aussi fulgurante que sa chute.","http://fr.web.img5.acsta.net/medias/nmedia/18/36/30/87/18957537.jpg"
"93","14046","Heat","Heat","À travers l'affrontement d'un chef de gang redoutable et d'un lieutenant de police opiniâtre, ce film explore l'univers policier de Los Angeles et entrecroise les destinées de trois couples en crise.","http://fr.web.img1.acsta.net/medias/nmedia/00/02/56/90/aff.jpg"
"94","14824","Les Enfants du ciel","Children of Heaven","Le petit Ali part chercher les chaussures de sa petite soeur chez le cordonnier. Il perd son paquet sur le chemin du retour. Rentre a la maison, il n'ose rien dire a ses parents, qui n'ont meme pas l'argent pour payer le loyer. Les enfants vont des lors devoir se partager une meme paire de tennis pour...","http://fr.web.img6.acsta.net/medias/03/74/13/037413_af.jpg"
"95","41569","Vivre ensemble","Vivre ensemble","Alain, la trentaine, est professeur d'histoire et mène avec Sylvie une vie bien rangée. A Saint-Germain-des-Prés, il rencontre Julie, femme fantasque et très libre, et quitte peu de temps après Sylvie. L'insouciance le gagne : souvent absent à ses cours, il finit par ne plus aller travailler. ","http://images.allocine.fr/pictures/18/02/02/15/00/3617831.jpg"
"96","2604","Chinatown","Chinatown","Gittes, détective privé, reçoit la visite d'une fausse Mme Mulwray, qui lui demande de filer son mari, ingénieur des eaux à Los Angeles. Celui-ci est retrouvé mort, noyé. Gittes s'obstine dans son enquête, malgré les menaces de tueurs professionnels.","http://fr.web.img1.acsta.net/medias/nmedia/18/35/20/45/20341618.jpg"
"97","57689","Le Labyrinthe de Pan","El laberinto del fauno","Au coeur de l'Espagne franquiste, une jeune fille rencontre une créature magique au centre d'un labyrinthe.","http://fr.web.img2.acsta.net/medias/nmedia/18/36/23/74/18680999.jpg"
"98","14790","Mon voisin Totoro","Tonari no Totoro","Deux petites filles viennent s'installer avec leur père dans une grande maison à la campagne afin de se rapprocher de l'hôpital ou séjourne leur mère. Elles vont découvrir l'existence de créatures merveilleuses, mais très discrètes, les totoros...","http://fr.web.img5.acsta.net/medias/nmedia/00/02/51/84/aff.jpg"
"99","45970","Ran","Ran","Dans le Japon du XVIe siècle, le seigneur Hidetora Ichimonji décide de se retirer et de partager son domaine entre ses trois fils, Taro, Jiro et Saburo. Mais la répartition de cet héritage va déchirer la famille.","http://images.allocine.fr/pictures/16/03/01/10/50/009700.jpg"
"100","7545","Jugement à Nuremberg","Judgement at Nuremberg","Dan Hayward, modeste juriste d'une petite ville des Etats-Unis, est envoyé à Nuremberg avec la mission de présider au jugement de quatre dignitaires nazis accusés de crimes contre l'Humanité...","http://fr.web.img4.acsta.net/medias/nmedia/18/69/81/35/19076718.jpg"
"101","171223","Dans ses yeux","El Secreto de Sus Ojos","1974, Buenos Aires. Benjamin Esposito enquête sur le meurtre violent d'une jeune femme. 25 ans plus tard, il décide d'écrire un roman basé sur cette affaire classée dont il a été témoin et protagoniste...","http://fr.web.img6.acsta.net/medias/nmedia/18/76/34/68/19282029.jpg"
"102","196960","Vice Versa","Inside Out","Au Quartier Général, le centre de contrôle situé dans la tête de la petite Riley, 11 ans, cinq Émotions sont au travail. Lorsque la famille de Riley emménage dans une grande ville, avec tout ce que cela peut avoir d'effrayant, les Émotions ont fort à faire pour guider la jeune fille durant cette difficile transition.","http://fr.web.img5.acsta.net/pictures/15/04/16/13/58/571071.jpg"
"103","1627","Sur les quais","On the Waterfront","Le docker Terry Malloy assiste sans intervenir au meurtre d'un employé qui voulait dénoncer les méthodes illégales du crapuleux Friendly, leader du syndicat des dockers. Il se retrouve devant un cas de conscience...","http://fr.web.img5.acsta.net/medias/nmedia/18/76/36/79/19284622.jpg"
"104","227079","The Disaster Artist","The Disaster Artist","En 2003, Tommy Wiseau, artiste passionné mais totalement étranger au milieu du cinéma, entreprend de réaliser un film. Sans savoir vraiment comment s'y prendre, il se lance ? et signe THE ROOM, le plus grand nanar de tous les temps. Comme quoi, il n'y a pas qu'une seule méthode pour devenir une légende !","http://fr.web.img4.acsta.net/pictures/18/01/08/10/58/3892363.jpg"
"105","19298","Arnaques, crimes et botanique","Lock, Stock and Two Smoking Barrels","Eddy, un joueur invétéré, s'apprête à participer à la plus grosse partie de cartes de sa vie avec un enjeu de cent mille livres, somme qu'il a durement amassée avec ses trois acolytes, Tom, Bacon et Soap...","http://fr.web.img1.acsta.net/pictures/14/08/20/12/49/389231.jpg"
"106","14178","Casino","Casino","En 1973, Sam Ace Rothstein est le grand manitou de la ville de toutes les folies, Las Vegas. Il achète et épouse une virtuose de l'arnaque, Ginger Mc Kenna, qui sombre bien vite dans l'alcool et la drogue. Mais un autre ennui guette Sam, son ami d'enfance Nicky Santoro, qui entreprend de mettre la ville en coupe réglée?","http://fr.web.img6.acsta.net/pictures/15/09/02/15/06/131985.jpg"
"107","1975","Blade Runner","Blade Runner","Dans les dernières années du 20ème siècle, des milliers d'hommes et de femmes partent à la conquête de l'espace, fuyant les mégalopoles devenues insalubres. Sur les colonies, une nouvelle race d'esclaves voit le jour : les répliquants, des androïdes que rien ne peut distinguer de l'être humain. ","http://fr.web.img4.acsta.net/pictures/15/09/23/11/37/330370.jpg"
"108","180","Elephant Man","The Elephant Man","Londres, 1884. Le chirurgien Frederick Treves découvre un homme complètement défiguré et difforme, devenu une attraction de foire. John Merrick,  le monstre , doit son nom de Elephant Man au terrible accident que subit sa mère. ","http://fr.web.img4.acsta.net/medias/nmedia/18/35/90/89/18686437.jpg"
"109","58911","V pour Vendetta","V for Vendetta","Dans un avenir proche, alors que l'Angleterre dévastée par une guerre est en proie à un régime totalitaire, un mystérieux combattant s'appelant V et arborant un masque blanc en porcelaine s'engage dans une lutte contre l'ordre établi.","http://fr.web.img4.acsta.net/medias/nmedia/18/36/31/71/18479867.jpg"
"110","4032","Les Fraises sauvages","Smultronstallet","Le docteur Isak Borg part à Lund pour assister à une cérémonie de jubilé en son honneur. Au cours de ce voyage, dans sa propre limousine et accompagné de sa bru, il fait le point sur sa vie et finalement se réconcilie avec lui-même.","http://images.allocine.fr/pictures/14/02/10/10/10/589830.jpg"
"111","127524","Le Loup de Wall Street","The Wolf Of Wall Street","L'argent. Le pouvoir. Les femmes. La drogue. Les tentations étaient là, à portée de main, et les autorités n'avaient aucune prise. Aux yeux de Jordan et de sa meute, la modestie était devenue complètement inutile. Trop n'était jamais assez?","http://fr.web.img1.acsta.net/pictures/210/604/21060483_20131125114549726.jpg"
"112","138673","Warrior","Warrior","Pour remporter un tournoi de free fight qui lui permettrait de payer l'opération de sa femme, le benjamin d'une famille de boxeurs accepte d'être coaché par son père, un ancien boxeur alcoolique auquel il ne parle plus depuis des années.","http://images.allocine.fr/medias/nmedia/18/83/50/33/19794371.jpg"
"113","14788","Trainspotting","Trainspotting","Les aventures tragi-comiques de Mark Renton, junkie d'Edimbourg, qui va tenter de se séparer de sa bande de copains, losers, menteurs, psychopathes et voleurs.","http://fr.web.img1.acsta.net/medias/nmedia/18/65/54/67/19816073.jpg"
"114","135063","Gran Torino","Gran Torino","Walt Kowalski est un ancien de la guerre de Corée, un homme inflexible, amer et pétri de préjugés surannés. Hormis sa chienne Daisy, il ne fait confiance qu'à son M-1, toujours propre, toujours prêt à l'usage...","http://fr.web.img6.acsta.net/medias/nmedia/18/67/90/93/19057560.jpg"
"115","27782","Autant en emporte le vent","Gone with the Wind","Georgie, 1861. Scarlett O'Hara est une jeune femme de la haute société sudiste courtisée par les bons partis du pays. Mais elle n'a d'yeux que pour Ashley et ce malgré ses fiançailles avec sa cousine. Scarlett est décidée à le faire changer d'avis...","http://fr.web.img2.acsta.net/medias/00/01/99/000199_af.jpg"
"116","115","L'Aurore","Sunrise: A Song of Two Humans","Un pêcheur s'éprend d'une citadine aux allures de vamp. Sous l'influence de celle-ci, il décide de noyer son épouse, mais change d'avis une fois sur la barque. Effrayée, la femme fuit en ville. Elle est bientôt rejointe par son mari, désireux de se faire pardonner.","http://images.allocine.fr/pictures/16/07/28/15/31/168402.jpg"
"117","29714","Voyage au bout de l'enfer","The Deer Hunter","Cinq ouvriers sidérurgistes affrontent les hauts fourneaux d'une petite ville de Pennsylvannie et partent ensemble chasser le cerf. Parce que c'est la guerre au Vietnam, trois d'entre eux deviennent soldats sur le départ...","http://fr.web.img1.acsta.net/pictures/210/402/21040221_2013091315530322.jpg"
"118","14928","Fargo","Fargo","Un vendeur de voitures d'occasion endetté fait enlever sa femme par deux petites frappes afin de toucher la rançon qui sera versée par son richissime beau-père. Mais le plan ne va pas résister longtemps à l'épreuve des faits et au flair d'une policière enceinte?","http://fr.web.img3.acsta.net/pictures/16/07/11/14/37/491932.jpg"
"119","1048","The Thing","The Thing","Hiver 1982 au c?ur de l'Antarctique. Une équipe de chercheurs composée de 12 hommes, découvre un corps enfoui sous la neige depuis plus de 100 000 ans. Décongelée, la créature retourne à la vie en prenant la forme de celui qu'elle veut ; dès lors, le soupçon s'installe entre les hommes de l'équipe.","http://fr.web.img6.acsta.net/pictures/15/11/24/13/58/576898.jpg"
"120","110096","No Country for Old Men - Non, ce pays n'est pas pour le vieil homme","No Country For Old Men","La cavale, à travers le Texas, d'un homme ayant découvert une mallette lui ouvrant le chemin vers la richesse et.. les ennuis !","http://images.allocine.fr/pictures/210/534/21053452_20131028155459275.jpg"
"121","16463","The Big Lebowski","The Big Lebowski","Jeff Lebowski dit Le Dude, est un paresseux qui passe son temps à boire des coups avec son copain Walter et jouer au bowling, jeu dont il est fanatique. Un jour, des inconnus rentrent chez lui pour récupérer une somme d'argent, mais il y a méprise sur la personne...","http://fr.web.img4.acsta.net/pictures/15/04/03/11/57/334245.jpg"
"122","17646","Eskiya le bandit","E?k?ya","Apres avoir passe trente-cinq ans en prison, Baran, vengeur des pauvres, rejoint Istanbul pour retrouver celui qui l'a denonce, a vole son or et a disparu avec l'elue de son coeur. Dans le train, il rencontre un bandit de la nouvelle generation qu'il aide a echapper aux policiers. A Istanbul, Baran est...","http://images.allocine.fr/commons/emptymedia/AffichetteAllocine.gif"
"123","29057","Le Monde de Nemo","Finding Nemo","Nemo, un jeune poisson-clown, s'égare de son récif de corail et se perd dans le vaste océan. Son père Marin part à sa recherche et affronte divers dangers pour le retrouver.","http://fr.web.img5.acsta.net/medias/nmedia/18/35/15/45/20258956.jpg"
"124","986","Voyage à Tokyo","Tokyo monogatari","Un couple de personnes âgées rend visite à leurs enfants à Tokyo. D'abord reçus
avec les égards qui leur sont dûs, ils deviennent bientôt dérangeants dans leur vie
quotidienne.","http://fr.web.img3.acsta.net/pictures/210/110/21011010_20130607123328761.jpg"
"125","109788","There Will Be Blood","There Will Be Blood","Un prospecteur achète des puits de pétrole à une famille qui vit dans un ranch.","http://fr.web.img4.acsta.net/medias/nmedia/18/63/80/44/18887932.jpg"
"126","40646","Luke la main froide","Cool Hand Luke","Pour s'être livré à des actes de vandalisme, Luke Jackson purge une peine de deux ans de prison dans un camp de travail. Il s'y lie d'amitié avec un autre détenu, Dragline, et devient bientôt le prisonnier le plus populaire.","http://fr.web.img3.acsta.net/pictures/15/11/02/12/48/405166.jpg"
"127","2688","Requiem pour un massacre","Idi i smotri","Pendant la Seconde Guerre mondiale, Fliora, jeune garcon d'un village de Bielorussie occupe par les troupes nazies, s'engage, bien que trop jeune, chez les partisans. Il va decouvrir l'amour, la fraternite, la souffrance, la guerre. Grand prix du festival de Moscou juillet 1985.","http://fr.web.img6.acsta.net/medias/nmedia/18/64/80/11/18804602.jpg"
"128","3984","Rebecca","Rebecca","Un jeune Lord anglais emmène sa jeune épouse dans son manoir où plane le souvenir de sa première femme, Rebecca...","http://fr.web.img4.acsta.net/medias/nmedia/18/65/17/09/19542895.jpg"
"129","259498","Tu ne tueras point","A Bluebird in My Heart","Un ancien taulard aspirant à une vie tranquille en est brutalement extrait quand la fille de la femme qui l'héberge est victime d'une agression.","http://images.allocine.fr/commons/emptymedia/AffichetteAllocine.gif"
"130","109576","Rang De Basanti","Rang De Basanti",NULL,"http://images.allocine.fr/medias/nmedia/18/71/14/81/19124860.jpg"
"131","222528","Dragons","Dragons: Real Myths and Unreal Creatures - 2D/3D","Percez la légende des dragons au cours d'un voyage initiatique à travers les siècles, les cultures et les continents et découvrez la fascination universelle qu'exercent ces fabuleuses créatures sur les Hommes. ","http://images.allocine.fr/pictures/210/185/21018581_20130710113055018.jpg"
"132","229490","La La Land","La La Land","Au c?ur de Los Angeles, une actrice en devenir prénommée Mia sert des cafés entre deux auditions. De son côté, Sebastian, passionné de jazz, joue du piano dans des clubs miteux pour assurer sa subsistance. Tous deux sont bien loin de la vie rêvée à laquelle ils aspirent?","http://fr.web.img4.acsta.net/pictures/16/11/10/13/52/169386.jpg"
"133","264","La Passion de Jeanne d'Arc","La Passion de Jeanne d'Arc","En 1431 débute le procès de Jeanne dans le château de Rouen, devant un tribunal ecclésiastique au service de l'occupant anglais. Enchaînée, avec une simplicité désarmante, elle explique ses gestes devant une foule qui a décidé de la condamner avant même le début de son jugement.","http://fr.web.img5.acsta.net/pictures/17/11/08/11/38/1735938.jpg"
"134","139621","Mary et Max.","Mary and Max","L'amitié entre une petite fille grassouillette de 8 ans et un homme de 44 ans, obèse, atteint de la maldie d'Asperger. Tous deux vivent respectivement à Melbourne et New York.","http://images.allocine.fr/medias/nmedia/18/68/27/63/19157079.jpg"
"135","217882","Gone Girl","Gone Girl","À l'occasion de son cinquième anniversaire de mariage, Nick Dunne signale la disparition de sa femme, Amy. Sous la pression de la police et l'affolement des médias, l'image du couple modèle commence à s'effriter. Très vite, les mensonges de Nick et son étrange comportement amènent tout le monde à se poser la même question : a-t-il tué sa femme ?","http://fr.web.img5.acsta.net/pictures/14/09/11/17/05/508784.jpg"
"136","132039","Shutter Island","Shutter Island","1954. Teddy Daniels et Chuck Aule enquêtent sur la disparition d'une patiente échappée d'un hôpital psychiatrique à sécurité maximale. L'hôpital en question est basé sur Shutter Island, une île située à environ une heure au large de Boston.","http://fr.web.img4.acsta.net/medias/nmedia/18/69/96/84/19151192.jpg"
"137","110101","Into the Wild","Into the Wild","Le jeune idéaliste Christopher McCandless abandonne la vie que la plupart d'entre nous connait pour les contrées sauvages de l'Alaska.","http://fr.web.img4.acsta.net/medias/nmedia/18/64/47/78/18869162.jpg"
"138","1557","New York-Miami","It Happened One Night","Ellie fuit son père millionnaire et décide de rallier New York. Elle rencontre Pete, un journaliste, dans le bus, qui comprend très vite qui elle est, son père ayant promis une récompense à qui la lui ramènerait...","http://fr.web.img5.acsta.net/medias/nmedia/18/64/69/71/18798057.jpg"
"139","249","Monty Python, la vie de Brian","Monty Python's Life of Brian","En l'an 0, en Galilée, Mandy et son bébé Brian reçoivent la visite des Rois Mages un soir de décembre. Ceux-ci, s'apercevant de leur erreur, remballent prestement leurs présents et filent dans l'étable voisine. Hélas, Brian a tiré le mauvais numéro.","http://fr.web.img2.acsta.net/medias/nmedia/18/35/23/34/18376684.jpg"
"140","225116","Logan","Logan","Dans un futur proche, un certain Logan, épuisé de fatigue, s'occupe d'un Professeur X souffrant, dans un lieu gardé secret à la frontière Mexicaine. Mais les tentatives de Logan pour se retrancher du monde et rompre avec son passé vont s'épuiser lorsqu'une jeune mutante traquée par de sombres individus va se retrouver soudainement face à lui.","http://fr.web.img4.acsta.net/pictures/17/01/19/16/02/513278.jpg"
"141","221270","Les Nouveaux sauvages","Relatos Salvajes","L'inégalité, l'injustice et l'exigence auxquelles nous expose le monde où l'on vit provoquent du stress et des dépressions chez beaucoup de gens. Certains craquent. Les Nouveaux sauvages est un film sur eux.","http://fr.web.img1.acsta.net/pictures/14/11/13/16/57/346941.jpg"
"142","223252","Thor : Ragnarok","Thor: Ragnarok","Privé de son puissant marteau, Thor est retenu prisonnier sur une lointaine planète aux confins de l'univers. Pour sauver Asgard, il va devoir lutter contre le temps afin d'empêcher l'impitoyable Hela d'accomplir le Ragnarök...","http://fr.web.img3.acsta.net/pictures/17/08/24/17/34/098917.jpg"
"143","29700","Platoon","Platoon","Septembre 1967: Chris Taylor, dix-neuf ans, rejoint la compagnie Bravo du 25ème régiment d'infanterie, près de la frontière cambodgienne. Chris, issu d'une famille bourgeoise s'est engagé volontairement et, plein d'idéal entend bien servir son pays. Mais la réalité est tout autre et ses illusions vont...","http://fr.web.img2.acsta.net/medias/nmedia/18/36/23/38/18464063.jpg"
"144","2513","Le Salaire de la Peur","Le Salaire de la Peur","Quatre hommes acceptent de véhiculer, au péril de leur vie, un chargement de nitroglycérine sur cinq cents kilomètres de routes défoncées. L'énorme prime de ce quitte ou double périlleux est le seul moyen de quitter le village d'Amérique centrale dans lequel ils ont échoué.","http://fr.web.img3.acsta.net/pictures/17/10/11/16/51/3286565.jpg"
"145","46077","Network, main basse sur la télévision","Network","Au milieu des années 70, les informations à la télévision changent. Le journalisme perd en effet pied face au pouvoir de l'argent et la besoin croissant de divertissement. Une rédaction se bat alors pour maintenir son audience sans se compromettre.","http://fr.web.img3.acsta.net/medias/nmedia/18/64/00/41/18766081.jpg"
"146","181037","Wednesday","Wednesday",NULL,"http://images.allocine.fr/commons/emptymedia/AffichetteAllocine.gif"
"147","195370","Rush","Rush","Situé durant l'âge d'or de la Formule 1, RUSH retrace le passionnant et haletant combat entre deux des plus grands rivaux que l'histoire du sport ait jamais connus, celui de James Hunt et Niki Lauda concourant pour les illustres écuries McLaren et Ferrari.","http://images.allocine.fr/pictures/210/238/21023887_20130801123843604.jpg"
"148","1532","Ben-Hur","Ben-Hur","Judas Ben-Hur, prince de Judée, retrouve son ami d'enfance Messala, venu prendre la tête de la garnison de Jérusalem. Mais Messala trahit son ami en l'envoyant aux galères. Ben-Hur jure alors de reconquérir sa liberté et prépare sa vengeance.","http://fr.web.img5.acsta.net/medias/nmedia/18/36/25/04/20129392.jpg"
"149","207825","The Grand Budapest Hotel","The Grand Budapest Hotel","Le film retrace les aventures de Gustave H, l'homme aux clés d'or d'un célèbre hôtel européen de l'entre-deux-guerres et du garçon d'étage Zéro Moustafa, son allié le plus fidèle.","http://fr.web.img3.acsta.net/pictures/14/01/20/12/06/239820.jpg"
"150","62178","Les quatre cents coups","Les quatre cents coups","Antoine a une adolescence turbulente. Il ment à ses parents indifférents à son sort, vole, fugue. Son seul réconfort, il fait les quatre cents coups avec son ami René. Un jour, la police s'en mêle.","http://fr.web.img2.acsta.net/medias/nmedia/00/02/56/73/aff.jpg"
"151","55483","Memories of Murder","Salinui chueok","En 1986, dans la province de Gyunggi, le corps d'une jeune femme violée puis assassinée est retrouvé dans la campagne. Deux mois plus tard, d'autres crimes similaires ont lieu. Dans un pays qui n'a jamais connu de telles atrocités, la rumeur d'actes commis par un serial killer grandit de jour en jour. ","http://images.allocine.fr/pictures/17/04/14/09/41/477957.jpg"
"152","196885","12 Years a Slave","12 Years a Slave","Les États-Unis, quelques années avant la guerre de Sécession.  Solomon Northup, jeune homme noir originaire de l'État de New York, est enlevé et vendu comme esclave. Face à la cruauté d'un propriétaire de plantation de coton, Solomon se bat pour rester en vie et garder sa dignité. ","http://fr.web.img6.acsta.net/pictures/210/415/21041568_2013091910085449.jpg"
"153","125054","Mad Max: Fury Road","Mad Max: Fury Road","Hanté par un lourd passé, Mad Max estime que le meilleur moyen de survivre est de rester seul. Cependant, il se retrouve embarqué par une bande qui parcourt la Désolation à bord d'un véhicule militaire piloté par l'Imperator Furiosa.","http://fr.web.img3.acsta.net/pictures/15/04/14/18/30/215297.jpg"
"154","56714","Million Dollar Baby","Million Dollar Baby","Replié sur lui-même, l'entraîneur Frankie Dunn vit dans un désert affectif, en évitant toute relation qui pourrait accroître sa douleur et sa culpabilité. Un jour, une trentenaire pousse la porte de son gymnase à la recherche d'un coach...","http://fr.web.img4.acsta.net/medias/nmedia/18/35/48/67/18409541.jpg"
"155","222271","Spotlight","Spotlight","Une équipe de journalistes d'investigation, baptisée Spotlight, a enquêté pendant 12 mois sur des suspicions d'abus sexuels au sein d'une des institutions les plus anciennes et les plus respectées au monde.","http://fr.web.img4.acsta.net/pictures/16/01/21/16/04/118433.jpg"
"156","702","Stalker","Stalker","Dans un pays et une époque indéterminés, il existe une zone interdite, fermée et gardée militairement. On dit qu'elle abrite une chambre exauçant les désirs secrets des hommes et qu'elle est née de la chute d'une météorite, il y a bien longtemps.","http://fr.web.img5.acsta.net/pictures/17/06/27/11/57/090522.jpg"
"157","559","Butch Cassidy et le Kid","Butch Cassidy and the Sundance Kid","Au début du XXe siècle, Butch Cassidy et son ami Sundance Kid pillent les trains et les banques. Les deux malfrats élaborent un plan ingénieux qui leur permet de dévaliser deux fois le même convoi, mais les autorités sont sur leur piste...","http://fr.web.img1.acsta.net/medias/nmedia/18/65/42/30/19648806.jpg"
"158","26066","Amours chiennes","Amores perros","Mexico. Un tragique accident de voiture. Les extremes de la vie, sous l'angle de trois histoires radicalement differentes: Octavio, un adolescent qui a decide de s'enfuir avec la femme de son frere; Daniel, un quadragenaire qui quitte sa femme et ses enfants pour aller vivre avec un top model; El Chivo...","http://fr.web.img2.acsta.net/medias/04/82/02/048202_af.jpg"
"159","128959","Hatchi","Hachi: A Dog's Tale","Un professeur trouve un chien abandonné et le recueille. Sa vie s'en trouve transformée, un lien inaltérable les unissant très vite...","http://fr.web.img5.acsta.net/medias/nmedia/18/70/57/79/19282162.jpg"
"160","1809","Le Faucon maltais","The Maltese Falcon","Sam Spade et Miles Archer sont deux privés. Au cours d'une enquête, Miles est assassiné. Sam soupçonne Brigid qui les avait dirigés sur l'enquête. Mais cette dernière, qui fascine Sam par sa beauté et son argent, lui demande de l'aider et il accepte.","http://images.allocine.fr/medias/nmedia/18/60/06/00/19225049.jpg"
"161","3326","Princess Bride","The Princess Bride","Au Moyen-Age, dans le pays imaginaire de Florin, la belle Bouton d'Or se languit après le départ de son bien-aimé Westley, parti chercher fortune et qu'elle croit mort. Cinq ans plus tard, elle accepte d'épouser le prince Humperdinck...","http://fr.web.img5.acsta.net/medias/nmedia/18/65/73/07/19130288.jpg"
"162","38493","Before Sunrise","Before Sunrise","Un jeune américain et une étudiante française se rencontrent dans le train et décident de passer quelques heures ensemble à Vienne.","http://fr.web.img4.acsta.net/medias/nmedia/18/71/30/01/19131170.jpg"
"163","4479","Les Nuits de Cabiria","Le Notti di Cabiria","L'histoire de Cabiria, prostituée candide et volontaire, parfois agressive, qui tente de conserver une dignité personnelle que sa condition rend perpétuellement fragile.","http://fr.web.img5.acsta.net/medias/nmedia/18/35/15/84/19075309.jpg"
"164","71577","La Barbe à papa","Paper Moon","Kansas, dans les années 30, Moses Pray, escroc à la petite semaine, assiste à l'enterrement d'une ex-maîtresse et accepte d'emmener sa prétendue fille de 9 ans, Addie, chez une tante. Pendant leur trajet, leurs rapports sont tendus.","http://fr.web.img3.acsta.net/pictures/210/262/21026259_20130812114240114.jpg"
"165","180887","Prisoners","Prisoners","Dans la banlieue de Boston, deux fillettes de 6 ans, Anna et Joy, ont disparu. Le détective Loki privilégie la thèse du kidnapping suite au témoignage de Keller, le père d'Anna. Le suspect numéro 1 est rapidement arrêté mais est relâché quelques jours plus tard faute de preuve, entrainant la fureur de Keller.","http://fr.web.img6.acsta.net/pictures/210/280/21028038_20130813155654441.jpg"
"166","134925","Harry Potter et les reliques de la mort - partie 2","Harry Potter and the Deathly Hallows - Part 2","Dans la 2e Partie de cet épisode final, le combat entre les puissances du bien et du mal de l'univers des sorciers se transforme en guerre sans merci. Les enjeux n'ont jamais été si considérables et personne n'est en sécurité.","http://fr.web.img3.acsta.net/medias/nmedia/18/78/64/49/19762436.jpg"
"167","28251","Rocky","Rocky","L'ascension sur le ring du modeste Rocky Balboa, jeune boxeur de Philadelphie, qui va être amené à affronter Apollo Creed, champion du monde poids lourds.","http://images.allocine.fr/medias/nmedia/18/36/25/10/19106210.jpg"
"168","3732","Les Diaboliques","Les Diaboliques","Dans une institution destinée à l'éducation des jeunes garçons, Christina et Nicole, respectivement épouse et maîtresse du directeur Michel Delasalle, s'associent afin d'assassiner l'homme qu'ells ont fini par haïr. Mais quelques jours après leur méfait, le corps de Michel disparaît...","http://images.allocine.fr/pictures/17/10/11/16/51/3286565.jpg"
"169","2596","Gandhi","Gandhi","Reconstitution historique à grand spectacle de la vie de celui que l'on surnomma le mahatma. La carrière de Gandhi comme avocat débute en Afrique du Sud où il défend les droits de la minorité indienne, ce qui a un grand retentissement dans son pays. Plus tard, dans ses luttes contre les Anglais...","http://fr.web.img2.acsta.net/medias/nmedia/18/65/20/00/18836165.jpg"
"170","34193","Donnie Darko","Donnie Darko","Donnie Darko est un adolescent pas comme les autres. Intelligent et doté d'une grande imagination, il a pour ami Frank, une créature que lui seul peut voir et entendre. Quand Donnie survit à un accident, Frank lui propose un étrange marché...","http://fr.web.img4.acsta.net/medias/nmedia/00/02/38/60/darko.jpg"
"171","26862","Monstres & Cie","Monsters, Inc.","Durant la nuit, de drôles de monstres terrifient les enfants et récoltent leurs cris pour en faire leur principale source d'énergie. Mais Sulli, l'un d'entre eux, permet sans le vouloir à Bouh, une petite fille, de pénétrer dans leur monde.","http://fr.web.img4.acsta.net/medias/nmedia/00/02/36/12/affcie.jpg"
"172","135","Barry Lyndon","Barry Lyndon","De l'Irlande à la Prusse, l'histoire d'un jeune intriguant et de son ascension dans la fastueuse société du XVIIIème siècle...","http://fr.web.img6.acsta.net/medias/nmedia/18/36/14/49/18455746.jpg"
"173","88","Annie Hall","Annie Hall","A l'aube de ses quarante ans, Alvy Singer fait le bilan de la situation. Une introspection sur sa dernière rencontre, Annie Hall, qui vient de le quitter, et un hommage à la ville qu'il aime, New York.","http://fr.web.img6.acsta.net/pictures/18/01/08/10/49/4614249.jpg"
"174","309","Terminator","The Terminator","A Los Angeles en 1984, un Terminator, cyborg surgi du futur, a pour mission d'exécuter une jeune femme dont l'enfant à naître doit sauver l'humanité.","http://fr.web.img3.acsta.net/medias/nmedia/18/35/91/09/19255618.jpg"
"175","59809","La Vengeance dans la peau","The Bourne Ultimatum","La CIA lance le programme Blackbriar, visant à fabriquer une nouvelle génération de tueurs supérieurement entraînés. Jason est, pour le directeur des opérations spéciales, une menace et une tache à effacer. Ordre est donné de le supprimer...","http://fr.web.img6.acsta.net/medias/nmedia/18/63/34/23/18794863.jpg"
"176","29738","Le Magicien d'Oz","The Wizard of Oz","Dorothy, jeune orpheline, vit chez son oncle et sa tante. Tout irait pour le mieux si l'institutrice ne détestait pas son chien. C'est alors que Dorothy fait un rêve où elle se trouve transportée au royaume magique des Munchkins à la recherche de son chien.","http://fr.web.img1.acsta.net/pictures/210/380/21038079_20130909112247312.jpg"
"177","337","Huit et demi","Federico Fellini's 8 1/2","Un cinéaste dépressif fuit le monde du cinéma et se réfugie dans un univers peuplé de fantasmes.","http://fr.web.img5.acsta.net/medias/nmedia/18/64/34/18/18770968.jpg"
"178","12789","Les Dents de la Mer","Jaws","A quelques jours du début de la saison estivale, les habitants de la petite station balnéaire d'Amity sont mis en émoi par la découverte sur le littoral du corps atrocement mutilé d'une jeune vacancière.","http://fr.web.img6.acsta.net/pictures/120/120411_20130802174822094.jpg"
"179","51123","Infernal affairs","Mou gaan dou","Ming est une taupe dans la police de Hong Kong, implantée là par les bons soins du patron de la triade. Yan est un policier infiltré dans la triade depuis dix ans. Parfaite symétrie des situations et des hommes...","http://fr.web.img4.acsta.net/medias/nmedia/18/35/31/08/18387129.jpg"
"180","176673","La Couleur des sentiments","The Help","Evocation de la vie des domestiques et serviteurs afro-américains chez une riche famille dans le Mississippi d'avant la lutte pour les droits civils.","http://images.allocine.fr/medias/nmedia/18/84/82/74/19799007.jpg"
"181","263","Paris, Texas","Paris, Texas","Un homme réapparaît subitement après quatre années d'errance, période sur laquelle il ne donne aucune explication à son frère venu le retrouver. Accompagné de son fils, il part au Texas à la recherche de Jane, la mère de l'enfant.","http://fr.web.img4.acsta.net/pictures/14/06/27/17/00/361994.jpg"
"182","243823","Mademoiselle Paradis","Licht","L'histoire vraie à Vienne au XVIIIe siècle de la relation entre une pianiste aveugle Maria Theresa von Paradis et le médecin Franz Anton Mesmer qui tente de lui redonner la vue.","http://fr.web.img1.acsta.net/pictures/17/08/07/12/20/179000.jpg"
"183","26389","In the Mood for Love","Fa yeung nin wa","Hong Kong, 1962. M. et Mme Chow emmenagent dans leur nouvel appartement le meme jour que leurs voisins, M. et Mme Chan. Sans comprendre comment cela a commence, Chow Mo-wan et Chan Li-zhen apprennent que leurs epoux respectifs ont une liaison. Cette decouverte les choque mais les rapproche. Ils se voient...","http://fr.web.img6.acsta.net/medias/nmedia/18/64/69/69/18866499.jpg"
"184","126071","Bataille d'Alger","Bataille d'Alger","Que reste-t-il aujourd'hui de la bataille d'Alger dans la mémoire collective ? Sans doute le souvenir d'une victoire militaire à peu près totale des paras de Massu et des bérets rouges de Bigeard sur le FLN. Mais aussi le souvenir d'une immense défaite politique et morale qui devait sceller le sort de l'Algérie française.","http://images.allocine.fr/commons/emptymedia/AffichetteAllocine.gif"
"185","234256","P.K.","P.K.",NULL,"http://images.allocine.fr/commons/emptymedia/AffichetteAllocine.gif"
"186","26602","Requiem for a Dream","Requiem for a Dream","Harry Goldfarb est un junkie. Il passe ses journées en compagnie de sa petite amie Marion et son copain Tyrone. Ensemble, ils s'inventent un paradis artificiel. En quête d'une vie meilleure, le trio est entraîné dans une spirale infernale...","http://fr.web.img6.acsta.net/medias/nmedia/00/00/00/84/69197536_af.jpg"
"187","179349","Incendies","Incendies","A la lecture du testament de leur mère, Jeanne et Simon Marwan se voient remettre deux enveloppes : l'une destinée à un père qu'ils croyaient mort et l'autre à un frère dont ils ignoraient l'existence...","http://images.allocine.fr/medias/nmedia/18/77/19/59/19628698.jpg"
"188","4397","Persona","Persona","Les relations d'une actrice soudain frappée de mutisme et de son infirmière bavarde. Un processus d'osmose des personnalités va contribuer à la guérison de la comédienne, mais renforcera peut-être la solitude de l'infirmière.","http://fr.web.img4.acsta.net/pictures/14/02/10/10/11/442672.jpg"
"189","18671","The Truman Show","The Truman Show","Truman Burbank mène une vie calme et heureuse. Il habite dans un petit pavillon propret de la radieuse station balnéaire de Seahaven. Il part tous les matins à son bureau d'agent d'assurances dont il ressort huit heures plus tard pour regagner son foyer, savourer le confort de son habitat modèle, la...","http://images.allocine.fr/medias/04/23/26/042326_af.jpg"
"190","299","La Soif du mal","Touch of Evil","Une bombe explose et fait deux victimes à Los Robles, petite ville à la frontière des Etats-Unis et du Mexique. Deux policiers, dont l'un utilise des méthodes peu orthodoxes, s'affrontent dans leur conception de la justice.","http://fr.web.img2.acsta.net/medias/nmedia/18/60/07/02/18659874.jpg"
"191","8066","Un Jour sans fin","Groundhog Day","Phil Connors, journaliste à la télévision et responsable de la météo part faire son reportage annuel dans la bourgade de Punxsutawney où l'on fête le Groundhog Day : Jour de la marmotte. Dans l'impossibilité de rentrer chez lui ensuite à Pittsburgh pour cause d'intempéries il...","http://images.allocine.fr/medias/nmedia/18/36/35/21/19255628.jpg"
"192","28384","Un Homme d'exception","A Beautiful Mind","En 1947, étudiant les mathématiques à l'université de Princeton, John Forbes Nash Jr., un brillant élève, élabore sa théorie économique des jeux. Pour lui, les fluctuations des marchés financiers peuvent être calculées très précisément.Au début des années cinquante, ses travaux et son enseignement au...","http://fr.web.img6.acsta.net/medias/nmedia/00/02/33/32/69219828_af.jpg"
"193","228558","Jurassic World: Fallen Kingdom","Jurassic World: Fallen Kingdom","Cela fait maintenant quatre ans que les dinosaures se sont échappés et ont détruit le parc à thème Jurassic World. Isla Nublar a été abandonnée par les humains alors que les dinosaures survivants sont livrés à eux-mêmes dans la jungle. dinosaures survivants sont livrés à eux-mêmes dans la jungle. Lorsque le volcan inactif de l'île commence à rugir, Owen et Claire s'organisent pour sauver les dinosaures restants de l'extinction..","http://fr.web.img4.acsta.net/pictures/17/06/26/10/12/307198.jpg"
"194","261469","De l?amour sous la haine?","De l?amour sous la haine?","Jenna est une jeune fille sans histoire. Un soir alors qu'elle rentre chez elle, elle est victime d'une terrible agression perpétrée par un groupe d'homme. L'arrivée de Ruben dans sa vie est-il le fruit du hasard ou cache t-il un secret inavouable ?","http://fr.web.img2.acsta.net/pictures/18/01/03/11/34/1283163.jpg"
"195","11736","Les Evadés","The Shawshank Redemption","L'amitié d'un jeune banquier condamné à la prison à vie pour le meurtre de sa femme et d'un vétéran de la prison de Shawshank, le pénitencier le plus sévère de l'Etat du Maine.","http://images.allocine.fr/medias/nmedia/18/63/30/68/18686447.jpg"
"196","4063","12 hommes en colère","Twelve Angry Men","Lors d'un procès, un juré émet l'hypothèse que l'homme qu'il doit juger n'est peut-être pas coupable. Il va tenter de convaincre les onze autres jurés.","http://images.allocine.fr/medias/nmedia/18/35/24/09/18784292.jpg"
"197","27070","Le Seigneur des anneaux : la communauté de l'anneau","The Lord of the Rings: The Fellowship of the Ring","Frodon le Hobbit hérite de l'Anneau Unique, un instrument de pouvoir absolu qui permettrait à Sauron, le Seigneur des ténèbres, de régner sur la Terre du Milieu. Commence alors un vaste périple visant à la destruction de l'objet.","http://fr.web.img1.acsta.net/medias/nmedia/00/02/16/27/69218096_af.jpg"
"198","297","Les Sept Samouraïs","Shichinin no samurai","Au Moyen-Age, la tranquillité d'un petit village japonais est troublée par les attaques répétées d'une bande de pillards. Sept samouraïs sans maître acceptent de défendre les paysans impuissants.","http://images.allocine.fr/pictures/210/081/21008198_20130524165225146.png"
"199","25801","Star Wars : Episode IV - Un nouvel espoir (La Guerre des étoiles)","Star Wars: Episode IV - A New Hope","Il y a bien longtemps, dans une galaxie très lointaine... La guerre civile fait rage entre l'Empire galactique et l'Alliance rebelle.","http://fr.web.img1.acsta.net/medias/nmedia/18/35/41/59/18422600.jpg"
"200","45264","La Cité de Dieu","Cidade de Deus","Dans une favela de Rio de Janeiro, dans les années 60, Fusée, un gamin noir et pauvre, rêve de devenir photographe professionnel. Petit Dé, un enfant de 11 ans, emménage dans la Cité. Il souhaite pour sa part devenir le plus grand criminel de Rio...","http://images.allocine.fr/medias/nmedia/18/35/05/63/affiche.jpg"
"201","127650","La Leon","La León","Alvaro mène une vie humble et solitaire. Son homosexualité et sa passion pour les livres font de lui un personnage à part. Le seul lien entre ce territoire sans frontières définies et la ville est constitué par un bateau-bus, El Leon...","http://fr.web.img6.acsta.net/medias/nmedia/18/64/16/80/18783012.jpg"
"202","2021","Il était une fois dans l'Ouest","Once Upon a Time in the West","Un mystérieux desperado pourchasse sans relâche un dangereux criminel.","http://fr.web.img5.acsta.net/pictures/16/07/19/17/05/434841.jpg"
"203","2256","Les Lumières de la ville","City Lights","Charlot vagabond vient en aide à une jeune fleuriste aveugle et se fait passer pour un homme riche. A force de travail il réunit assez d'argent pour que la jeune fille recouvre la vue.","http://fr.web.img3.acsta.net/medias/nmedia/18/70/94/53/19254768.jpg"
"204","55983","Les Infiltrés","The Departed","A Boston, pour mettre fin au règne du chef de la pègre irlandaise, la police infiltre son gang avec un bleu, Billy Costigan. Dans le même temps, un dénommé Colin Sullivan intègre l'Unité des Enquêtes Spéciales, chargée d'éliminer le gangster...","http://images.allocine.fr/medias/nmedia/18/36/21/63/18680971.jpg"
"205","62","Alien, le huitième passager","Alien","Le vaisseau Nostromo et son équipage rentrent sur Terre avec une cargaison de minerai. Mais lors d'un arrêt forcé sur une planète déserte, l'officier Kane se fait agresser par une forme de vie inconnue, une arachnide qui étouffe son visage...","http://fr.web.img3.acsta.net/medias/nmedia/18/35/14/60/18363837.jpg"
"206","836","Boulevard du crépuscule","Sunset Blvd.","Un scénariste qui a du mal à percer, est embauché par une ancienne star du muet, disparu d'Hollywood, pour écrire un scénario.","http://images.allocine.fr/pictures/16/07/19/16/56/511102.jpg"
"207","4989","Cinema Paradiso","Nuovo cinema Paradiso","Salvatore, cinéaste en vogue, se rappelle son passé lorsqu'il tomba amoureux du cinéma et devint ami avec un projectionniste.","http://fr.web.img6.acsta.net/pictures/15/06/03/15/09/279596.jpg"
"208","73176","Princesse Mononoké","Mononoke-Hime","Au XVe siècle, durant l'ère Muromachi, la forêt japonaise, jadis protégée par des animaux géants, se dépeuple à cause de l'homme. Un sanglier transformé en démon dévastateur en sort et attaque le village d'Ashitaka, futur chef du clan Emishi.","http://fr.web.img6.acsta.net/pictures/16/05/26/09/54/204765.jpg"
"209","4884","Témoin à charge","Witness for the Prosecution","Sir Wilfrid Robarts, ténor du barreau, accepte de prendre la défense de Leonard Stephen Vole, accusé de meurtre. L'affaire se complique lorsque Christine Vole, l'épouse du prévenu, devient l'un des témoins capitaux de l'accusation...","http://fr.web.img3.acsta.net/medias/nmedia/18/35/11/46/affiche.jpg"
"210","1941","Il était une fois en Amérique","Once Upon a Time in America","Il était une fois deux truands juifs, Max et Noodles, liés par un pacte d'éternelle amitié. Débutant au début du siècle par de fructueux trafics dans le ghetto de New York, ils voient leurs chemins se séparer...","http://fr.web.img3.acsta.net/pictures/15/03/27/15/08/436989.jpg"
"211","27063","Le Fabuleux destin d'Amélie Poulain","Le Fabuleux destin d'Amélie Poulain","Amélie, une jeune serveuse dans un bar de Montmartre, passe son temps à observer les gens et à laisser son imagination divaguer. Elle s'est fixé un but : faire le bien de ceux qui l'entourent. Elle invente alors des stratagèmes pour intervenir incognito dans leur existence.Le chemin d'Amélie est jalonné...","http://images.allocine.fr/medias/nmedia/00/02/24/66/69198162_af.jpg"
"212","260","Orange mécanique","A Clockwork Orange","Au XXIème siècle, où règnent la violence et le sexe, Alex, jeune chef de bande, exerce avec sadisme une terreur aveugle. Après son emprisonnement, des psychanalystes l'emploient comme cobaye dans des expériences destinées à juguler la criminalité...","http://images.allocine.fr/medias/nmedia/18/36/25/34/18465555.jpg"
"213","27442","2001 : l'odyssée de l'espace","2001: A Space Odyssey","A l'aube de l'Humanité, dans le désert africain, une tribu de primates subit les assauts répétés d'une bande rivale, qui lui dispute un point d'eau. La découverte d'un monolithe noir inspire au chef des singes assiégés un geste inédit et décisif. Brandissant un os, il passe à l'attaque et massacre ses...","http://images.allocine.fr/medias/nmedia/00/00/01/27/69197311_af.jpg"
"214","248","Monty Python, sacré Graal","Monty Python and the Holy Grail","Le roi Arthur et les Chevaliers de la Table Ronde se lancent à la conquête du Graal, chevauchant de fantômatiques montures dans un bruitage de noix de coco cognées. La petite troupe va devoir affronter mille épreuves.","http://fr.web.img3.acsta.net/medias/nmedia/00/02/43/01/graal.jpg"
"215","2252","La Garçonnière","The Apartment","C.C. Baxter est employé à la Sauvegarde, grande compagnie d'assurance. Dans l'espoir d'un avancement il prête souvent son appartement à ses supérieurs qui y emmènent leurs petites amies. Un jour le chef du personnel le convoque et lui apprend qu'il sait tout...","http://images.allocine.fr/medias/nmedia/18/65/39/11/20147640.jpg"
"216","253743","A Separation","A Separation","D'un commun accord avec son mari infidèle, une femme décide de mettre fin à son couple. Mais à peine sa nouvelle a-t-elle débuté qu'elle apprend que son ex-époux est porté disparu.","http://images.allocine.fr/commons/emptymedia/AffichetteAllocine.gif"
"217","5032","Indiana Jones et la Dernière Croisade","Indiana Jones and the Last Crusade","L'archéologue aventurier Indiana Jones se retrouve aux prises avec un maléfique milliardaire. Aux côtés de la cupide Elsa et de son père, il part à la recherche du Graal.","http://fr.web.img1.acsta.net/medias/nmedia/18/65/88/40/18895516.jpg"
"218","1596","Eve","All about Eve","Eve Harrington reçoit, des mains d'un vieil acteur, le Prix Sarah Siddons. L'entourage de celle-ci se souvient de son ascension.","http://fr.web.img1.acsta.net/pictures/15/02/23/16/33/136858.jpg"
"219","111471","Mon père et mon fils","Babam ve O?lum","Ayant perdu sa mère en 1980, Deniz part sept ans plus tard dans un village de la région égéenne, rejoindre son grand-père qu'il n'a jamais vu et qui est en conflit avec son fils Sadik, le père de Deniz...","http://images.allocine.fr/medias/nmedia/18/60/15/66/18614502.jpg"
"220","130368","Là-haut","Up","Quand Carl, un grincheux de 78 ans, décide de réaliser le rêve de sa vie en attachant des milliers de ballons à sa maison pour s'envoler vers l'Amérique du Sud, il ne s'attendait pas à embarquer avec lui Russell, un jeune explorateur de 9 ans...","http://images.allocine.fr/medias/nmedia/18/66/97/50/19104240.jpg"
"221","7158","Le Trésor de la Sierra Madre","The Treasure of the Sierra Madre","Dobbs et Curtis travaillent sur un chantier dont le chef part avec le salaire des ouvriers. Ils partent à sa recherche et récupèrent leur argent. Puis ils s'associent avec le vieil Howard pour exploiter un filon d'or dans la Sierra Madre.","http://fr.web.img5.acsta.net/medias/nmedia/18/71/68/75/19478618.jpg"
"222","4019","Piège de cristal","Die Hard","Des terroristes investissent le siège social d'une multinationale à Los Angeles. Holly, l'ex-femme de John McClane, policier new-yorkais venu sur la côte Ouest pour Noël, est prise en otage. McLane, enfermé dans le bâtiment, passe à l'action...","http://images.allocine.fr/pictures/14/08/14/12/00/419467.jpg"
"223","1826","Le Troisième homme","The Third Man","Holly Martins, un minable écrivain américain, est venu retrouver son ami Harry Lime dans la Vienne dévastée de l'après-guerre. Mais celui-ci est retrouvé mort après avoir été écrasé par une voiture. Martins choisit alors de mener sa propre enquête pour démasquer les assassins de son ami. Rien ne l'a préparé à ce qu'il va découvrir...","http://fr.web.img4.acsta.net/pictures/15/05/29/18/05/057255.jpg"
"224","38827","La Grande évasion","The Great Escape","Durant la Seconde Guerre Mondiale, des officiers alliés récidivistes de l'évasion sont prisonniers et surveillés étroitement dans un stalag. Malgré cela, ils préparent une évasion massive...","http://fr.web.img6.acsta.net/medias/nmedia/18/64/73/99/18801506.jpg"
"225","2260","La Ruée vers l'or","The Gold Rush","Le célèbre assaut pour tout l'or du Klondike vu par l'un des maîtres du burlesque américain.","http://images.allocine.fr/medias/nmedia/18/64/53/36/19254692.jpg"
"226","1602","Le Pont de la rivière Kwaï","The Bridge on the River Kwai","En 1943, un régiment anglais interné dans un camp de prisonniers en Birmanie est affecté a la construction d'un pont en pleine jungle. Le colonel cède aux exigences japonaises mais ignore que les Américains préparent le dynamitage du pont...","http://fr.web.img1.acsta.net/medias/nmedia/18/64/34/22/18770978.jpg"
"227","548","Le Septième Sceau","Det Sjunde Inseglet","De retour des croisades, le chevalier Antonius Blok rencontre la Mort sur son chemin. Il lui demande un délai et propose une partie d'échecs.","http://images.allocine.fr/pictures/14/02/10/10/09/442151.jpg"
"228","2640","Mr. Smith au Sénat","Mr Smith Goes to Washington","Jefferson Smith est très aimé des Boys Rangers, un club de jeunes garçons qu'il dirige. Cet homme populaire et naïf est une affaire pour le gouverneur Hopper et son chef politique Jim Taylor, qui en font un sénateur idéal pour couvrir leurs sombres histoi","http://fr.web.img4.acsta.net/medias/nmedia/18/35/42/92/19482574.jpg"
"229","108016","Le Mécano de la Générale","The General","Le cheminot Johnnie Gray partage sa vie entre sa fiancée Annabelle Lee et sa locomotive, la Générale. En pleine Guerre de Sécession, il souhaite s'engager dans l'armée sudiste, mais celle-ci estime qu'il se montrera plus utile en restant mécanicien. ","http://fr.web.img2.acsta.net/pictures/17/05/19/16/07/057072.jpg"
"230","700","Le Crime était presque parfait","Dial M. for Murder","Tony, une ancienne gloire du tennis, s'est marié avec Margot pour sa richesse. Mais celle-ci le trompe avec un jeune auteur de romans policiers. Craignant que sa femme le quitte et le laisse sans le sou, Tony décide de la faire assassiner...","http://fr.web.img4.acsta.net/pictures/14/03/17/17/12/203835.jpg"
"231","22092","Sixième Sens","The Sixth Sense","Cole Sear, garconnet de huit ans est hanté par un terrible secret. Son imaginaire est visité par des esprits menaçants...","http://fr.web.img6.acsta.net/medias/nmedia/18/66/15/77/19255607.jpg"
"232","88396","Andreï Roublev","Andrey Rublyov","À travers une série de tableaux, le film raconte le périple dans la Russie moyenâgeuse du peintre d'icônes Andreï Roublev. Tout juste sorti du monastère, cet artiste va se confronter à la beauté, mais aussi à la violence du monde.","http://fr.web.img5.acsta.net/pictures/17/06/27/11/57/090522.jpg"
"233","9430","Au nom du père","In the name of the father","En 1975, Gerry Conlon, jeune délinquant originaire de Belfast, est arrêté par la police londonienne qui l'accuse d'être l'instigateur des attentats terroristes à Guildford pour le compte de l'IRA.","http://fr.web.img2.acsta.net/medias/nmedia/18/65/90/63/19253635.jpg"
"234","40132","Nausicaä de la vallée du vent","Kaze no tani no Naushika","Sur une Terre ravagée par la folie des hommes durant les sept jours de feu, une poignée d'humains a survécu. Menacée par une forêt toxique qui ne cesse de prendre de l'ampleur, cette poignée de survivants attend le salut de la princesse Nausicaä...","http://fr.web.img3.acsta.net/medias/nmedia/18/62/56/68/18651925.jpg"
"235","1268","Les Raisins de la colère","The Grapes of Wrath","Expropriée de ses terres, une famille de fermiers traverse les Etats-Unis à la recherche d'un emploi. Mais dans ces années de crise, ils ne rencontrent que spoliation et injustice.","http://fr.web.img3.acsta.net/pictures/16/03/29/15/46/568933.jpg"
"236","215097","Star Wars - Le Réveil de la Force","Star Wars: Episode VII - The Force Awakens","Dans une galaxie lointaine, très lointaine, un nouvel épisode de la saga Star Wars, 30 ans après les événements du Retour du Jedi.","http://fr.web.img4.acsta.net/pictures/15/10/18/18/56/052074.jpg"
"237","25308","Les Plus belles années de notre vie","The Best Years of Our Lives","En 1945, trois soldats démobilisés font connaissance dans l'avion qui les ramène dans leur ville natale. Leurs sentiments sont partagés entre l'impatience et l'appréhension. Ils ne tardent pas à reprendre contact avec la réalité quotidienne...","http://images.allocine.fr/medias/nmedia/00/02/55/12/affiche.jpg"
"238","29757","L'Armée des 12 singes","Twelve Monkeys","Nous sommes en l'an 2035. Les quelques milliers d'habitants qui restent sur notre planète sont contraints de vivre sous terre. La surface du globe est devenue inhabitable à la suite d'un virus ayant décimé 99% de la population.","http://fr.web.img6.acsta.net/medias/nmedia/18/64/75/57/18866817.jpg"
"239","5280","Le Cercle des poètes disparus","Dead Poets Society","Todd Anderson, un garçon plutôt timide, est envoyé dans la prestigieuse académie de Welton, réputée pour être l'une des plus fermées et austères des États-Unis, là où son frère avait connu de brillantes études.C'est dans cette université qu'il va faire la rencontre d'un professeur de lettres anglaises...","http://fr.web.img4.acsta.net/medias/nmedia/00/02/48/82/affiche.jpg"
"240","1621","Un après-midi de chien","Dog Day Afternoon","Des gangsters débutants braquent une banque et se retrouvent cernés par la police et les médias. Ils prennent en otage les employés de la banque. Débute alors un cauchemar qui va durer des heures...","http://fr.web.img4.acsta.net/medias/nmedia/18/64/05/23/18758943.jpg"
"241","46117","Pirates des Caraïbes : la Malédiction du Black Pearl","Pirates of the Caribbean: The Curse of the Black Pearl","Au 17e siècle, le capitaine Barbossa enlève la fille du gouverneur de Port Royal. Will, l'ami de celle-ci, se joint à Jack, un aventurier, pour se lancer aux trousses du capitaine. Mais il ignore qu'une malédiction frappe Barbossa et ses pirates...","http://fr.web.img4.acsta.net/medias/nmedia/18/35/07/46/affiche2.jpg"
"242","35973","Arrête-moi si tu peux","Catch Me if You Can","Dans les années soixante, le jeune Frank Abagnale Jr., véritable caméléon, est passé maître dans l'art de l'escroquerie. Carl Hanratty, agent du FBI, fait de la traque de l'adolescent sa mission prioritaire, mais ce dernier reste insaisissable...","http://fr.web.img3.acsta.net/medias/nmedia/00/02/54/32/aff2.jpg"
"243","983","Fenêtre sur cour","Rear Window","Un reporter immobilisé par un plâtre observe de sa fenêtre les allées et venues de ses voisins. Le comportement bizarre d'un représentant de commerce l'intrigue à un point tel qu'il le croit meurtrier de sa femme. Fantasme ou réalité ?","http://fr.web.img5.acsta.net/medias/nmedia/18/35/18/61/19015512.jpg"
"244","8488","Jurassic Park","Jurassic Park","C'est à partir d'une goutte de sang absorbée par un moustique fossilisé que John Hammond et son équipe ont réussi à faire renaître une dizaine d'espèces de dinosaures.","http://fr.web.img4.acsta.net/medias/nmedia/18/66/20/27/20529453.jpg"
"245","28541","Kill Bill: Volume 1","Kill Bill: Volume 1","Laissée pour morte après un massacre dans une chapelle où avait lieu son mariage, une tueuse à gages sort de son coma et se venge en éliminant les membres d'une organisation criminelle, dont leur chef Bill qu'elle se réserve pour la fin.","http://fr.web.img2.acsta.net/medias/nmedia/18/35/13/44/18364816.jpg"
"246","89957","La Bataille d'Alger","La Battaglia di Algeri","En 1957, l'affrontement sanglant entre les paras du colonel Matthieu et les troupes du FLN dans la casbah d'Alger.","http://fr.web.img1.acsta.net/medias/nmedia/18/35/24/03/18380124.jpg"
"247","772","La Belle et la bête","La Belle et la bête","Pour l'offrir à sa fille, le père de la Belle cueille, sans le savoir, une rose appartenant au jardin de la Bête, qui s'en offense. Afin de sauver son père, la Belle accepte de partir vivre au château de la Bête.","http://fr.web.img3.acsta.net/pictures/210/201/21020192_2013092716451197.jpg"
"248","12551","La Haine","La Haine","Trois copains d'une banlieue ordinaire traînent leur ennui et leur jeunesse qui se perd. Ils vont vivre la journée la plus importante de leur vie après une nuit d'émeutes provoquée par le passage à tabac d'Abdel Ichah par un inspecteur de police lors d'un interrogatoire.","http://images.allocine.fr/medias/nmedia/18/72/21/87/19158471.jpg"
"249","111643","La Vie des autres","Das Leben der Anderen","Au début des années 1980, en Allemagne de l'Est, un agent secret, nommé Wiesler, a pour mission d'observer un couple d'intellectuels. Ces derniers vont le fasciner de plus en plus...","http://images.allocine.fr/medias/nmedia/18/63/15/65/18708573.jpg"
"250","50409","Le Château ambulant","Hauru no ugoku shiro","Sophie travaille dans la boutique de chapelier que tenait son père avant de mourir. Elle rencontre le séduisant magicien Hauru. Se méprenant sur leur relation, une sorcière jette un épouvantable sort sur Sophie...","http://fr.web.img6.acsta.net/medias/nmedia/18/35/48/22/18399898.jpg"
"251","28201","Le Parrain, 2e partie","The Godfather: Part II","Depuis la mort de Don Vito Corleone, son fils Michael règne sur la famille. Amené à négocier avec la mafia juive, il perd le soutien de son lieutenant Frankie Pentageli. Echappant de justesse à un attentat, Michael tente de retrouver le coupable...","http://images.allocine.fr/medias/nmedia/18/35/24/16/18861226.jpg"
"252","9684","Léon","Léon","Un tueur à gages répondant au nom de Léon prend sous son aile Mathilda, une petite fille de douze ans, seule rescapée du massacre de sa famille. Bientôt, Léon va faire de Mathilda une nettoyeuse, comme lui...","http://fr.web.img2.acsta.net/pictures/14/08/21/14/15/233032.jpg"
"253","773","Rashômon","Rashômon","Au XIe siècle, un bandit reconnaît avoir tué un samourai. La femme du défunt s'accuse du meurtre et un bûcheron contredit ces deux affirmations. L'esprit du samourai déclare, quant à lui, qu'il s'est tout simplement suicidé...","http://fr.web.img2.acsta.net/medias/nmedia/18/64/48/28/18783721.jpg"
"254","228263","Room","Room","Jack, 5 ans, vit seul avec sa mère, Ma. Elle lui apprend à jouer, à rire et à comprendre le monde qui l'entoure. Un monde qui commence et s'arrête aux murs de leur chambre, où ils sont retenus prisonniers, le seul endroit que Jack ait jamais connu.","http://fr.web.img4.acsta.net/pictures/16/02/16/16/52/211080.jpg"
"255","13892","Seven","Se7en","John Doe a decidé de nettoyer la societé des maux qui la rongent en commettant sept meurtres bases sur les sept pechés capitaux.","http://fr.web.img2.acsta.net/medias/nmedia/18/35/91/33/19255605.jpg"
"256","26251","Snatch","Snatch","Franky vient de voler un énorme diamant qu'il doit livrer à Avi, un mafieux new-yorkais. En chemin, il fait escale à Londres où il se laisse convaincre par Boris de parier sur un combat de boxe clandestin. Il ignore, bien sûr, qu'il s'agit d'un coup monté avec Vinny et Sol, afin de le délester de son...","http://fr.web.img4.acsta.net/pictures/14/08/20/12/54/429006.jpg"
"257","2495","Stand by Me","Stand by Me","Un événement peu ordinaire va marquer la vie du jeune Gordie Lachance. Au cours de l'été 1959, un adolescent a disparu mystérieusement dans l'Oregon...","http://images.allocine.fr/pictures/14/07/31/11/00/396977.jpg"
"258","108917","Hot Fuzz","Hot Fuzz","A Londres, le policier Nicholas Angel est le meilleur de son équipe. Le chef de la brigade décide donc de le promouvoir dans le petit village de Sandford, où une série de crimes étranges va le mettre dans l'action...","http://fr.web.img2.acsta.net/medias/nmedia/18/63/26/39/18767968.jpg"
"259","43986","Shaolin Soccer","Siu lam juk kau","Fung, une ancienne gloire du football, se tourne vers Sing, un moine Shaolin qui possède des dons extraordinaires en matière d'arts martiaux. Avec son aide, il espère créer une équipe de foot Shaolin capable de vaincre ses adversaires...","http://fr.web.img5.acsta.net/medias/nmedia/00/02/48/98/affiche.jpg"
"260","37412","Les Canons de Navarone","The Guns of Navarone","Durant la seconde guerre mondiale, un commando est chargé d'un périlleuse mission : détruire deux énormes canons allemands situés sur l'île de Khéros.","http://fr.web.img4.acsta.net/medias/nmedia/18/64/87/97/18810714.jpg"
"261","52715","Good Bye, Lenin!","Good Bye, Lenin!","Alex, un jeune Berlinois de l'Est, apprend la chute du mur alors que sa mère est dans le coma. Au bout de huit mois, elle ouvre les yeux dans une ville qu'elle ne peut plus reconnaître. Alex veut absolument lui éviter un choc brutal...","http://fr.web.img4.acsta.net/medias/nmedia/18/35/12/19/affiche.jpg"
"262","29718","E.T. l'extra-terrestre","E.T. The Extra-Terrestrial","E.T., un extraterrestre, débarque en pleine nuit sur Terre et s'aventure vers Los Angeles. Traqué par des militaires, il se réfugie dans un pavillon de banlieue. Elliot, un jeune garçon, le découvre et va tenter de garder sa présence secrète.","http://fr.web.img4.acsta.net/medias/nmedia/00/02/36/52/affet.jpg"
"263","15829","Disjoncté","The Cable Guy","Steven Kovacs emménage dans son nouveau chez-lui. Bientôt, il pourra profiter de ses programmes télé favoris. Ne reste qu'à payer le professionnel du câble... qui refuse l'argent. Ce dernier n'à que faire de quelques dollars. Ce qu'il veut, c'est un ami.","http://fr.web.img4.acsta.net/pictures/754/75440_20130730144654704.jpg"
"264","13665","GoldenEye","GoldenEye","Dix-septième aventure de 007 à la poursuite d'une carte informatique, Goldeneye, capable de brouiller tout dispositif électronique, avion, train, ordinateur, téléphone... dans un rayon de 1 000 kilomètres.","http://images.allocine.fr/commons/emptymedia/AffichetteAllocine.gif"
"265","89979","Le Cuirassé Potemkine","Bronenosets Potyomkin","Un épisode de la Révolution russe de 1905 : l'équipage d'un cuirassé, brimé par ses officiers, se mutine et prend le contrôle du navire. Arrivés à Odessa, les marins sympathisent avec les habitants qui se font brutalement réprimer par l'armée tsariste?","http://fr.web.img3.acsta.net/pictures/14/11/07/17/57/195130.jpg"
